eu_rank,company, country,industrial_sector,rnd_eur_million, rnd_1_year_growth_%,sales_eur_million,sales_1_year_growth_%,rnd_intensity_%,capex_eur_million,capex_1_year_growth_%,profitability_%,employees,employees_1_year_growth_%,,
1,Volkswagen,Germany,Automobiles & parts (335),"5,926.00",20.4,"113,808",4.5,5.2,10.5,8.9,6.3,332,8.0,,
2,Nokia,Finland,Telecommunications equipment (9578),"5,321.00",0.8,"50,710",-0.7,10.5,2.1,1.3,9.8,122,21.1,,
3,Sanofi-Aventis,France,Pharmaceuticals (4577),"4,608.00",1.0,"27,568",-1.7,16.7,4.9,4.8,18.8,98,-1.3,,
4,Daimler,Germany,Automobiles & parts (335),"4,442.00",-9.1,"95,873",-25.9,4.6,14.3,16.0,2.8,274,-23.2,,
5,Robert Bosch,Germany,Automobiles & parts (335),"3,916.00",10.0,"45,127",-2.6,8.7,7.3,5.7,3.2,283,5.7,,
6,Siemens,Germany,Electrical components & equipment (2733),"3,836.00",14.0,"82,324",-8.9,4.7,3.7,3.3,1.8,421,5.7,,
7,GlaxoSmithKline,UK,Pharmaceuticals (4577),"3,835.56",14.2,"25,190",7.2,15.2,5.9,7.0,29.4,101,-2.2,,
8,AstraZeneca,UK,Pharmaceuticals (4577),"3,622.34",-0.1,"22,735",6.9,15.9,3.5,4.0,28.9,66,-2.7,,
9,Alcatel-Lucent,France,Telecommunications equipment (9578),"3,167.00",-6.0,"16,984",-5.7,18.6,2.4,2.0,-30.6,78,1.7,,
10,Ericsson,Sweden,Telecommunications equipment (9578),"2,975.46",18.9,"19,008",11.3,15.7,2.0,2.3,7.2,79,7.7,,
11,BMW,Germany,Automobiles & parts (335),"2,864.00",-8.9,"53,197",-5.0,5.4,28.7,24.5,1.6,102,3.9,,
12,EADS,The Netherlands,Aerospace & defence (271),"2,756.00",2.0,"43,265",10.6,6.4,3.5,4.6,6.3,118,1.6,,
13,Bayer,Germany,Chemicals (135),"2,725.00",3.0,"32,918",0.9,8.3,5.1,4.8,10.3,107,1.6,,
14,Peugeot (PSA),France,Automobiles & parts (335),"2,372.00",14.4,"54,356",-10.3,4.4,4.0,3.3,-0.6,202,-3.0,,
15,Renault,France,Automobiles & parts (335),"2,235.00",-9.2,"36,499",-7.7,6.1,8.6,8.3,0.4,131,-2.1,,
16,Boehringer Ingelheim  ,Germany,Pharmaceuticals (4577),"2,109.00",21.9,"11,595",5.9,18.2,5.7,6.0,16.7,41,3.8,,
17,Fiat,Italy,Automobiles & parts (335),"1,986.00",14.1,"59,380",1.5,3.3,6.6,5.0,5.2,198,10.3,,
18,Finmeccanica,Italy,Aerospace & defence (271),"1,767.00",-2.2,"13,332",11.9,13.3,3.8,5.3,6.9,63,7.0,,
19,SAP,Germany,Software (9537),"1,627.00",11.4,"11,575",12.9,14.1,2.5,3.3,22.8,52,22.1,,
20,Philips Electronics,The Netherlands,Leisure goods (374),"1,613.00",0.6,"26,513",-1.9,6.1,2.9,2.4,-0.3,126,0.6,,
21,STMicroelectronics,The Netherlands,Semiconductors (9576),"1,544.62",19.3,"7,045",-1.7,21.9,13.9,12.3,-6.3,52,-0.7,,
22,Continental,Germany,Automobiles & parts (335),"1,524.20",81.0,"24,239",45.8,6.3,6.4,5.1,-1.4,148,58.0,,
23,Volvo,Sweden,Commercial vehicles & trucks (2753),"1,479.40",26.0,"27,627",6.4,5.4,5.0,4.4,4.9,97,5.2,,
24,BASF,Germany,Chemicals (135),"1,372.00",-2.0,"62,304",7.5,2.2,4.5,4.4,10.2,97,1.1,,
25,Merck,Germany,Pharmaceuticals (4577),"1,234.40",9.9,"7,558",-10.6,16.3,5.2,3.3,9.6,32,3.8,,
26,BT,UK,Fixed line telecommunications (653),"1,157.49",-10.6,"22,126",3.3,5.2,10.5,12.2,2.1,111,1.9,,
27,Novo Nordisk,Denmark,Pharmaceuticals (4577),994.94,-0.3,"6,121",8.9,16.3,3.9,5.5,26.9,26,7.1,,
28,Unilever,UK,Food producers (357),927.00,6.8,"40,523",0.8,2.3,2.9,3.2,11.6,174,-0.6,,
29,Royal Dutch Shell,UK,Oil & gas producers (53),910.80,5.4,"329,760",28.8,0.3,7.5,6.7,11.1,102,-1.9,,
30,France Telecom,France,Fixed line telecommunications (653),900.00,0.7,"53,488",1.0,1.7,10.2,10.2,19.2,183,-0.5,,
31,Porsche Automobile,Germany,Automobiles & parts (335),899.64,22.6,"7,466",1.3,12.0,15.8,15.2,116.7,12,5.0,,
32,NXP,The Netherlands,Semiconductors (9576),862.60,-18.5,"3,916",-15.4,22.0,7.0,8.6,-46.8,30,-19.8,,
33,Valeo,France,Automobiles & parts (335),786.00,-0.5,"8,664",-14.3,9.1,5.5,4.4,-0.8,51,-16.3,,
34,UCB,Belgium,Pharmaceuticals (4577),767.00,-1.8,"3,601",-0.7,21.3,2.9,6.1,3.1,11,-6.7,,
35,Vivendi,France,Media (555),721.00,70.4,"25,392",17.2,2.8,5.9,5.2,11.9,44,10.8,,
36,Schneider,France,Electrical components & equipment (2733),708.00,4.9,"18,311",5.8,3.9,2.4,2.4,14.1,126,6.0,,
37,Telecom Italia,Italy,Fixed line telecommunications (653),704.00,477.0,"30,468",-2.6,2.3,9.1,10.1,17.4,76,-1.8,,
38,Infineon Technologies,Germany,Semiconductors (9576),673.00,-4.1,"6,106",-20.5,11.0,5.1,18.1,-59.8,42,-0.2,,
39,ZF,Germany,Automobiles & parts (335),670.00,0.6,"12,501",-1.2,5.4,7.5,4.6,6.1,61,6.6,,
40,Telefonica,Spain,Fixed line telecommunications (653),668.00,12.5,"57,946",2.7,1.2,11.7,11.9,23.1,252,3.2,,
41,Royal Bank of Scotland,UK,Banks (835),622.71,25.2,"29,417",-8.6,2.1,18.3,14.7,-140.9,229,34.5,,
42,ALSTOM,France,Industrial machinery (2757),621.00,10.7,"18,739",10.8,3.3,2.7,2.2,8.1,72,5.3,,
43,Deutsche Telekom,Germany,Fixed line telecommunications (653),614.00,12.0,"61,666",-1.4,1.0,12.0,11.0,10.1,235,-3.6,,
44,TOTAL,France,Oil & gas producers (53),612.00,3.0,"160,331",17.2,0.4,7.1,7.5,15.6,97,0.5,,
45,SAFRAN,France,Aerospace & defence (271),609.00,-31.3,"10,621",-7.6,5.7,4.8,4.1,0.3,56,7.0,,
46,L'Oreal,France,Personal goods (376),581.30,3.8,"17,542",2.8,3.3,3.9,4.1,14.6,68,6.8,,
47,Solvay,Belgium,Chemicals (135),578.00,1.4,"9,490",-0.9,6.1,7.1,6.5,5.9,29,3.9,,
48,Thales,France,Aerospace & defence (271),569.20,-2.5,"12,665",3.0,4.5,3.0,2.8,5.8,63,3.4,,
49,AREVA,France,Electricity (753),554.00,-2.8,"13,160",10.4,4.2,8.8,6.8,4.1,75,15.0,,
50,HSBC,UK,Banks (835),549.65,30.2,"63,721",1.1,0.9,3.4,3.1,10.5,331,2.8,,
51,ASML,The Netherlands,Semiconductors (9576),533.78,9.2,"2,954",-22.4,18.1,11.3,6.1,12.5,7,10.5,,
52,Rolls-Royce,UK,Aerospace & defence (271),506.86,7.9,"9,394",22.2,5.4,3.1,4.1,9.4,39,1.0,,
53,Michelin,France,Automobiles & parts (335),499.00,-12.6,"16,408",-2.7,3.0,7.1,7.6,5.2,120,-1.6,,
54,Henkel,Germany,Household goods & home construction (372),439.00,16.1,"14,131",8.1,3.1,3.3,3.6,6.1,56,6.1,,
55,BP,UK,Oil & gas producers (53),428.06,5.1,"259,818",27.0,0.2,5.1,6.1,9.3,96,-1.5,,
56,MAN,Germany,Commercial vehicles & trucks (2753),424.00,18.4,"16,585",0.1,2.6,8.2,7.0,9.7,49,-4.8,,
57,Electricite de France,France,Electricity (753),421.00,12.3,"64,279",7.8,0.7,14.6,11.4,9.9,156,1.2,,
58,DSM,The Netherlands,Chemicals (135),394.00,5.9,"9,297",6.2,4.2,5.8,4.9,8.8,23,3.2,,
59,Saint-Gobain,France,Construction & materials (235),385.00,-3.5,"43,800",0.9,0.9,4.9,5.3,6.3,208,0.2,,
60,Shire  ,UK,Pharmaceuticals (4577),369.86,-0.9,"2,177",24.2,17.0,7.8,3.8,10.6,4,9.7,,
61,Hella,Germany,Automobiles & parts (335),356.68,10.8,"3,940",7.4,9.1,6.6,5.6,6.2,25,-2.8,,
62,AKZO Nobel,The Netherlands,Chemicals (135),334.00,19.3,"15,415",14.2,2.2,3.5,3.8,-3.9,61,42.6,,
63,ThyssenKrupp,Germany,Industrial metals & mining (175),325.00,23.1,"53,426",3.3,0.6,7.7,5.3,6.2,196,4.2,,
64,Carl Zeiss,Germany,Health care equipment & services (453),321.00,10.7,"2,731",4.9,11.8,4.3,4.1,9.7,13,9.3,,
65,Societe Generale,France,Banks (835),311.00,-1.3,"21,866",-0.3,1.4,23.0,20.7,18.3,160,23.3,,
66,Evonik Industries,Germany,General industrials (272),305.00,-2.2,"16,204",-2.6,1.9,6.6,5.5,4.9,42,-4.7,,
67,UBIsoft Entertainment,France,Software (9537),304.41,34.7,928,36.4,32.8,1.1,2.3,10.7,4,10.3,,
68,Lundbeck,Denmark,Pharmaceuticals (4577),300.07,2.1,"1,516",2.7,19.8,6.7,7.7,20.6,5,1.4,,
69,Vodafone,UK,Mobile telecommunications (657),289.63,19.7,"42,428",15.6,0.7,11.6,11.5,14.2,79,9.3,,
70,MAHLE  ,Germany,Automobiles & parts (335),285.89,3.0,"5,014",-0.9,5.7,8.3,6.1,3.2,49,10.1,,
71,UniCredit,Italy,Banks (835),284.75,"2,004.6","26,171",-0.9,1.1,6.3,40.9,14.8,176,12.8,,
72,Dassault Systemes,France,Software (9537),284.33,-2.6,"1,335",6.0,21.3,3.7,2.0,17.3,8,5.6,,
73,Barclays,UK,Banks (835),283.43,132.2,"24,155",-0.6,1.2,6.3,5.3,24.0,152,17.5,,
74,Dassault Aviation,France,Aerospace & defence (271),272.73,2.9,"3,748",-8.2,7.3,3.5,1.9,11.6,12,2.1,,
75,Voith,Germany,General industrials (272),267.02,21.7,"4,934",17.8,5.4,5.1,3.9,5.7,41,15.4,,
76,BSH Bosch und Siemens Hausgerate,Germany,Household goods & home construction (372),262.00,-0.4,"8,758",-0.7,3.0,4.2,4.2,7.0,41,3.3,,
77,Thomson,France,Media (555),257.00,-18.7,"4,903",-19.7,5.2,4.2,3.1,-32.2,23,-7.7,,
78,Oce,The Netherlands,Electronic office equipment (9574),254.97,23.2,"2,909",-6.1,8.8,6.0,6.4,1.2,23,-2.7,,
79,Behr,Germany,Automobiles & parts (335),241.00,5.2,"3,383",6.1,7.1,,4.7,2.5,19,4.6,,
80,Elan,Ireland,Pharmaceuticals (4577),227.92,39.2,548,47.5,41.6,7.8,4.4,-19.9,2,1.6,,
81,Vestas Wind Systems,Denmark,Alternative energy (58),223.00,87.4,"6,035",24.2,3.7,8.4,5.5,11.1,18,29.7,,
82,Sandvik,Sweden,Industrial machinery (2757),222.53,9.6,"8,430",7.3,2.6,7.4,5.7,13.8,49,9.3,,
83,Rio Tinto,UK,Mining (177),220.87,344.9,"39,039",82.7,0.6,16.5,15.5,15.7,99,109.9,,
84,BAE Systems,UK,Aerospace & defence (271),220.33,21.0,"17,244",16.5,1.3,3.1,2.2,8.6,90,8.4,,
85,Eni,Italy,Oil & gas producers (53),216.00,3.8,"108,148",23.9,0.2,11.4,9.8,17.8,77,3.6,,
86,ArcelorMittal,Luxembourg,Industrial metals & mining (175),212.23,37.8,"89,883",18.7,0.2,4.4,5.2,11.1,316,1.4,,
87,Nycomed,Luxembourg,Pharmaceuticals (4577),210.69,-20.4,"3,192",-8.7,6.6,1.8,2.6,11.0,12,-1.9,,
88,RWE,Germany,"Gas, water & multiutilities (757)",210.00,66.7,"49,089",15.1,0.4,8.6,9.3,13.5,65,3.5,,
89,Fresenius  ,Germany,Health care equipment & services (453),207.00,12.5,"12,336",8.6,1.7,6.1,6.2,13.1,119,9.6,,
90,Rheinmetall,Germany,Automobiles & parts (335),199.00,11.2,"3,869",-3.4,5.1,4.4,4.2,6.0,20,4.4,,
91,Tesco,UK,Food & drug retailers (533),198.61,50.0,"56,196",14.9,0.4,8.0,7.9,5.7,469,5.5,,
92,Danone,France,Food producers (357),198.00,39.4,"15,220",3.5,1.3,4.5,4.8,15.8,80,5.4,,
93,L'Air Liquide,France,Chemicals (135),191.40,9.3,"13,103",11.0,1.5,14.2,11.2,14.8,43,6.7,,
94,Genmab,Denmark,Biotechnology (4573),191.16,70.1,100,40.7,190.9,9.3,4.4,-116.8,1,94.2,,
95,Electrolux,Sweden,Household goods & home construction (372),190.33,3.7,"9,534",0.1,2.0,3.0,3.3,0.7,55,-3.0,,
96,Heidelberger Druckmaschinen,Germany,Industrial machinery (2757),186.00,-16.1,"2,999",-18.3,6.2,5.4,4.8,-7.6,20,0.4,,
97,Legrand,France,Electrical components & equipment (2733),182.90,4.0,"4,202",1.8,4.4,2.8,3.3,15.3,35,7.6,,
98,Agfa-Gevaert,Belgium,Electronic equipment (2737),179.00,-10.5,"3,032",-7.6,5.9,1.6,2.2,-1.5,12,-7.9,,
99,BHP Billiton,UK,Mining (177),175.54,44.4,"42,787",50.6,0.4,15.4,19.3,40.3,42,23.2,,
100,Intesa Sanpaolo,Italy,Banks (835),173.00,3.6,"17,765",7.4,1.0,3.0,4.0,3.1,110,12.1,,
101,Knorr-Bremse  ,Germany,Industrial machinery (2757),171.34,8.0,"3,384",4.1,5.1,4.1,4.1,9.0,15,10.0,,
102,Umicore,Belgium,Chemicals (135),167.64,34.6,"9,169",-3.5,1.8,2.2,1.6,3.5,10,5.6,,
103,Indra Sistemas,Spain,Computer services (9533),166.34,7.3,"2,380",9.8,7.0,1.4,1.9,11.2,24,10.7,,
104,Wacker-Chemie,Germany,Chemicals (135),163.20,7.0,"4,298",13.7,3.8,18.9,15.2,14.7,16,5.8,,
105,Amdocs  ,UK,Software (9537),162.23,-2.1,"2,275",11.5,7.1,4.3,5.9,12.8,19,6.2,,
106,Rabobank,The Netherlands,Banks (835),162.00,1.9,"11,678",8.7,1.4,12.1,17.7,24.4,58,9.5,,
107,Freudenberg,Germany,General industrials (272),160.50,-5.8,"5,050",-5.5,3.2,6.3,5.8,6.1,34,-4.3,,
108,Danfoss,Denmark,Industrial machinery (2757),159.35,33.4,"3,645",19.3,4.4,7.7,5.6,1.6,27,26.1,,
109,Diehl Stiftung  ,Germany,General industrials (272),157.50,1.0,"2,217",4.3,7.1,3.0,3.0,4.4,11,6.3,,
110,Atlas Copco,Sweden,Industrial machinery (2757),156.30,13.3,"6,749",17.1,2.3,4.0,3.8,18.5,34,15.6,,
111,Pirelli,Italy,Automobiles & parts (335),156.00,-9.8,"4,894",-24.8,3.2,6.3,4.4,-8.3,32,2.3,,
112,Vattenfall,Sweden,Electricity (753),155.76,52.0,"14,970",14.6,1.0,20.2,15.1,18.2,33,1.3,,
113,DONG Energy,Denmark,Oil & gas producers (53),154.65,140.3,"8,166",46.0,1.9,16.2,26.8,12.2,5,7.8,,
114,Maxingvest,Germany,General retailers (537),151.00,18.9,"9,194",1.4,1.6,2.3,1.8,8.2,34,10.7,,
115,Trumpf  ,Germany,General industrials (272),150.60,11.2,"2,144",10.6,7.0,6.2,6.2,14.2,8,9.1,,
116,Arkema,France,Chemicals (135),150.00,-5.1,"5,633",-0.7,2.7,5.5,5.5,3.2,15,-2.7,,
117,Grundfos  ,Denmark,Industrial machinery (2757),149.12,50.7,"2,555",13.1,5.8,10.1,11.7,6.7,17,11.0,,
118,Kerry,Ireland,Food producers (357),147.46,1.5,"4,791",0.1,3.1,3.4,2.5,5.9,22,-0.4,,
119,Essilor International,France,Health care equipment & services (453),144.52,5.0,"3,074",5.7,4.7,5.1,6.9,17.6,31,5.6,,
120,Sage,UK,Software (9537),144.51,25.4,"1,340",11.9,10.8,1.9,1.9,20.6,15,11.1,,
121,Tognum,Germany,Automobiles & parts (335),144.00,22.1,"3,133",10.5,4.6,4.1,3.5,11.6,9,10.3,,
122,TomTom,The Netherlands,Electronic equipment (2737),143.35,112.7,"1,674",-3.6,8.6,1.8,1.0,-48.6,3,150.7,,
123,BAT,UK,Tobacco (378),142.75,16.0,"12,539",21.0,1.1,4.2,4.6,32.5,56,4.2,,
124,Hexagon,Sweden,Industrial machinery (2757),141.65,29.7,"1,317",-0.7,10.8,2.7,3.5,16.9,9,7.8,,
125,B Braun Melsungen,Germany,Health care equipment & services (453),139.63,20.1,"3,786",6.0,3.7,11.6,9.1,9.2,38,7.1,,
126,LyondellBasell Industries  ,Luxembourg,Chemicals (135),139.57,43.7,"36,688",197.9,0.4,2.0,2.4,-11.3,0,,,
127,Bouygues,France,Construction & materials (235),139.00,-1.4,"32,713",10.5,0.4,5.1,5.3,7.3,148,10.2,,
128,MTU Aero Engines,Germany,Aerospace & defence (271),138.20,55.6,"2,724",5.8,5.1,3.7,3.4,9.1,7,2.4,,
129,Ipsen,France,Pharmaceuticals (4577),137.19,-12.9,"1,038",4.5,13.2,5.9,5.9,18.6,4,5.9,,
130,Dragerwerk,Germany,Health care equipment & services (453),135.08,9.4,"1,925",5.8,7.0,3.6,4.1,5.8,11,5.2,,
131,Zodiac,France,Aerospace & defence (271),134.65,-7.3,"2,014",-18.7,6.7,2.9,2.2,11.6,18,2.4,,
132,Fujitsu Siemens Computers  ,The Netherlands,Computer services (9533),134.10,-7.6,"6,614",-4.9,2.0,0.6,0.9,1.1,11,-1.1,,
133,Metro,Germany,General retailers (537),134.00,3.1,"69,206",5.0,0.2,3.2,2.9,2.2,301,3.3,,
134,Novozymes,Denmark,Biotechnology (4573),133.69,11.7,"1,095",9.5,12.2,11.1,9.8,18.3,5,6.6,,
135,BioMerieux,France,Health care equipment & services (453),132.70,0.7,"1,111",4.5,11.9,7.6,7.3,16.5,6,2.0,,
136,SAAB,Sweden,Aerospace & defence (271),130.92,3.1,"2,165",3.4,6.0,1.6,1.8,0.2,13,-1.0,,
137,Metso,Finland,Industrial machinery (2757),129.00,16.2,"6,400",2.4,2.0,3.3,2.2,9.8,28,6.6,,
137,Deutsche Post,Germany,Industrial transportation (277),129.00,-5.1,"65,700",15.0,0.2,2.2,3.3,-2.3,511,-2.6,,
139,Nordea Bank,Sweden,Banks (835),127.00,44.3,"8,200",4.0,1.5,2.0,2.0,41.4,34,6.5,,
139,GDF Suez,France,"Gas, water & multiutilities (757)",127.00,27.5,"67,924",43.1,0.2,10.3,5.9,8.9,235,21.7,,
141,Benteler  ,Germany,General industrials (272),123.30,12.8,"6,327",0.1,1.9,3.1,3.0,3.2,24,5.9,,
142,Marks & Spencer,UK,General retailers (537),122.89,82.5,"9,374",0.4,1.3,5.9,10.8,9.5,78,3.3,,
143,Wartsila,Finland,Commercial vehicles & trucks (2753),121.00,-0.8,"4,612",22.6,2.6,3.0,3.5,11.1,18,14.9,,
144,Reed Elsevier,UK,Media (555),118.96,43.8,"5,530",0.2,2.2,1.1,1.4,16.7,33,-8.4,,
145,Invensys,UK,Software (9537),117.92,14.0,"2,363",-9.3,5.0,1.4,1.5,7.8,22,-14.9,,
146,ZF Lenksysteme,Germany,Automobiles & parts (335),117.70,3.1,"2,594",-1.2,4.5,6.3,4.6,1.6,11,7.9,,
147,Krones,Germany,Industrial machinery (2757),116.38,9.3,"2,381",10.5,4.9,3.1,3.6,6.6,10,7.3,,
148,Merial  ,UK,Biotechnology (4573),114.61,25.3,"1,774",12.4,6.5,5.9,4.8,26.8,5,4.9,,
149,Claas,Germany,Commercial vehicles & trucks (2753),113.78,3.8,"3,236",21.7,3.5,2.5,2.2,8.7,9,5.5,,
150,Burelle,France,Automobiles & parts (335),112.16,17.2,"2,745",-3.6,4.1,3.5,4.4,-0.5,13,-5.3,,
151,voestalpine,Austria,Industrial metals & mining (175),112.00,20.6,"11,731",10.5,1.0,8.2,7.5,8.7,44,3.8,,
152,Giesecke & Devrient,Germany,Support services (279),111.96,12.1,"1,689",8.9,6.6,5.7,4.0,10.3,10,10.2,,
153,CSR,UK,Semiconductors (9576),109.89,8.4,500,-18.1,22.0,2.8,2.9,-1.1,1,3.7,,
154,Vilmorin,France,Food producers (357),109.80,9.7,897,-4.4,12.2,2.9,3.0,12.9,4,-13.7,,
155,Smith & Nephew,UK,Health care equipment & services (453),109.35,7.0,"2,735",12.8,4.0,6.8,6.0,16.9,10,6.2,,
156,SKF,Sweden,Industrial machinery (2757),109.08,28.8,"5,765",8.2,1.9,4.0,3.3,12.1,43,3.7,,
157,Reckitt Benckiser,UK,Household goods & home construction (372),108.61,19.3,"6,789",24.6,1.6,2.5,2.5,22.9,24,3.8,,
158,Chiesi Farmaceutici  ,Italy,Pharmaceuticals (4577),107.80,16.7,749,14.1,14.4,3.1,2.6,11.8,3,6.9,,
159,KBC,Belgium,Banks (835),107.00,137.8,"4,827",-63.6,2.2,19.8,3.3,-62.3,59,5.8,,
160,Deutsche Borse,Germany,Other financials (877),104.60,-6.0,"2,692",9.7,3.9,2.0,1.8,55.7,3,9.4,,
161,Wincor Nixdorf,Germany,Computer services (9533),104.53,8.2,"2,319",8.1,4.5,2.6,2.2,8.3,9,10.7,,
162,Linde,Germany,Chemicals (135),104.00,7.2,"12,663",-0.1,0.8,10.5,7.7,10.1,51,1.5,,
163,Misys,UK,Software (9537),102.92,38.0,716,32.4,14.4,1.7,2.0,6.8,5,8.8,,
164,TeliaSonera,Sweden,Fixed line telecommunications (653),102.53,-44.2,"9,424",7.5,1.1,12.7,12.1,27.7,30,5.9,,
165,E.ON,Germany,"Gas, water & multiutilities (757)",102.00,47.8,"86,957",26.1,0.1,10.4,9.7,3.2,94,2.5,,
166,Veolia Environnement,France,"Gas, water & multiutilities (757)",101.60,11.8,"36,826",12.6,0.3,5.3,5.9,5.2,298,4.9,,
167,GKN,UK,Automobiles & parts (335),100.34,16.9,"4,527",13.1,2.2,4.4,4.5,-1.9,38,1.1,,
168,Gemalto,The Netherlands,Electronic equipment (2737),98.36,-7.3,"1,659",1.8,5.9,2.7,2.6,7.8,10,0.0,,
169,Almirall,Spain,Pharmaceuticals (4577),98.20,-3.2,903,13.9,10.9,2.1,4.2,17.7,3,10.2,,
170,Lanxess,Germany,Chemicals (135),97.00,10.2,"6,576",-0.5,1.5,5.2,4.2,5.0,15,1.3,,
171,Danisco,Denmark,Food producers (357),96.61,0.0,"2,489",-2.9,3.9,5.8,5.9,3.3,9,-7.9,,
172,SNCF,France,Industrial transportation (277),96.00,24.7,"25,188",6.3,0.4,13.9,12.1,4.4,201,-0.1,,
173,Salzgitter,Germany,Industrial metals & mining (175),95.60,65.4,"12,499",22.6,0.8,5.1,3.6,8.1,24,18.9,,
173,Orion,Finland,Pharmaceuticals (4577),95.60,6.2,711,4.0,13.5,4.6,4.1,26.0,3,3.5,,
175,Italtel,Italy,Telecommunications equipment (9578),93.93,-9.2,468,-13.9,20.1,2.0,1.3,-6.3,2,-0.2,,
176,Symrise,Germany,Chemicals (135),93.89,13.3,"1,320",3.6,7.1,2.9,2.3,14.2,5,3.9,,
177,Dexia,Belgium,Banks (835),91.00,-5.2,"3,557",-47.6,2.6,10.7,5.7,-109.0,28,4.1,,
177,Korber  ,Germany,General industrials (272),91.00,5.8,"1,749",9.2,5.2,2.5,1.9,10.7,9,3.4,,
179,Leoni,Germany,Electrical components & equipment (2733),87.02,58.2,"2,912",23.0,3.0,5.0,3.6,1.7,52,49.1,,
180,Johnson Matthey,UK,Chemicals (135),85.34,21.2,"8,118",4.7,1.1,2.2,1.8,3.6,9,10.6,,
181,Old Mutual,UK,Life insurance (857),84.82,-8.9,"-3,872",-125.7,-2.2,-2.6,0.8,-14.5,57,3.5,,
182,Krka,Slovenia,Pharmaceuticals (4577),84.75,43.5,950,21.6,8.9,14.3,13.5,24.9,8,12.2,,
183,Borealis,Austria,Chemicals (135),83.00,69.4,"6,697",5.5,1.2,6.6,7.4,4.3,5,6.4,,
183,Repsol YPF,Spain,Oil & gas producers (53),83.00,7.8,"57,740",10.8,0.1,8.2,8.5,8.7,37,-0.5,,
185,Lloyds TSB (now Lloyds Banking),UK,Banks (835),82.75,70.2,"7,254",-61.5,1.1,14.2,4.9,11.5,66,-4.4,,
186,Eberspaecher  ,Germany,Automobiles & parts (335),82.60,17.7,"2,240",-0.5,3.7,1.9,2.5,3.7,6,1.8,,
187,Rhodia,France,Chemicals (135),82.00,-26.8,"4,969",-3.2,1.7,4.9,5.0,5.5,14,-7.6,,
188,Getinge,Sweden,Health care equipment & services (453),81.34,42.1,"1,753",17.2,4.6,4.4,3.9,14.9,12,14.3,,
189,adidas,Germany,Personal goods (376),81.00,-3.6,"10,799",4.9,0.8,2.9,2.2,9.8,36,23.7,,
190,Assa Abloy,Sweden,Construction & materials (235),80.97,14.7,"3,177",4.1,2.5,1.9,2.1,12.0,33,1.4,,
191,Stora Enso,Finland,Forestry & paper (173),80.20,-21.1,"11,558",-23.7,0.7,6.1,5.3,-6.3,35,-19.9,,
192,Danske Bank,Denmark,Banks (835),79.81,20.3,"8,112",-12.9,1.0,4.5,3.8,3.7,24,0.6,,
193,ARM,UK,Semiconductors (9576),79.37,4.0,309,15.3,25.7,2.7,1.8,20.1,2,0.6,,
194,KWS SAAT,Germany,Food producers (357),78.96,7.2,599,11.4,13.2,4.7,3.7,12.4,3,4.3,,
195,Barco,Belgium,Electronic equipment (2737),77.96,-4.1,778,-5.8,10.0,1.1,1.5,-2.8,4,7.7,,
196,EPCOS,Germany,Electronic equipment (2737),77.65,21.0,"1,478",2.1,5.3,9.3,8.7,6.9,21,15.7,,
197,Software,Germany,Software (9537),76.22,15.7,721,16.0,10.6,0.5,0.9,25.1,4,3.3,,
198,Infogrames Entertainment (now Atari),France,Software (9537),75.60,46.8,291,-5.2,26.0,1.2,0.7,-20.3,1,-8.1,,
199,ASM International  ,The Netherlands,Semiconductors (9576),75.01,-9.2,747,-21.8,10.0,4.2,4.9,7.4,12,5.1,,
200,KPN,The Netherlands,Fixed line telecommunications (653),75.00,-19.4,"14,427",15.8,0.5,10.5,11.1,16.9,40,36.7,,
201,Smiths,UK,General industrials (272),74.99,-42.4,"2,401",-25.5,3.1,2.8,2.3,12.8,23,-22.3,,
202,SCI Entertainment (now Eidos),UK,Leisure goods (374),74.68,5.4,138,-7.2,54.0,3.7,3.8,-102.5,1,24.6,,
203,NicOx,France,Pharmaceuticals (4577),74.30,61.1,3,-83.7,"2,211.3",42.6,6.7,"-2,357.4",0,13.7,,
204,IMMSI,Italy,Automobiles & parts (335),74.22,3.5,"1,737",-5.9,4.3,3.0,2.2,3.6,8,0.2,,
205,DEUTZ,Germany,Industrial machinery (2757),73.40,13.1,"1,495",-13.6,4.9,4.1,4.6,1.0,5,-10.6,,
206,Iberdrola,Spain,Electricity (753),73.10,12.5,"25,196",44.2,0.3,33.7,28.8,17.0,28,21.3,,
207,Cobham,UK,Aerospace & defence (271),73.03,27.9,"1,517",38.2,4.8,3.6,6.4,8.8,11,19.1,,
208,RSA Insurance,UK,Nonlife insurance (853),72.41,37.3,"7,389",10.7,1.0,1.0,0.4,10.4,22,-0.4,,
209,Sick,Germany,Electronic equipment (2737),72.09,8.2,737,4.2,9.8,4.0,3.5,9.4,5,9.3,,
210,ALTANA,Germany,Chemicals (135),72.07,6.9,"1,342",-2.8,5.4,7.3,6.2,12.3,5,3.1,,
211,Schott,Germany,Construction & materials (235),71.47,-8.1,"2,231",3.3,3.2,13.0,13.7,10.8,17,0.9,,
212,GN Store Nord,Denmark,Telecommunications equipment (9578),71.35,-1.5,756,-6.0,9.4,2.4,1.1,0.6,5,-2.7,,
213,Acciona,Spain,Construction & materials (235),71.30,82.7,"12,665",59.3,0.6,23.7,22.6,13.3,41,16.5,,
214,Bang & Olufsen,Denmark,Leisure goods (374),71.20,7.4,550,-6.5,13.0,4.7,3.6,4.5,3,5.7,,
215,Gameloft,France,Software (9537),70.66,29.9,110,14.8,64.0,2.5,4.7,-3.0,4,17.5,,
216,Qiagen  ,The Netherlands,Biotechnology (4573),70.02,54.2,642,37.4,10.9,4.4,5.3,16.5,3,14.2,,
217,Gedeon Richter,Hungary,Pharmaceuticals (4577),69.22,1.9,888,5.4,7.8,9.3,10.4,14.8,10,11.3,,
218,Bekaert,Belgium,Industrial metals & mining (175),68.53,20.9,"2,662",22.5,2.6,9.0,8.9,10.0,17,11.3,,
219,Enel,Italy,Electricity (753),68.00,88.9,"59,885",40.3,0.1,10.3,10.7,15.2,75,21.9,,
220,Ingenico,France,Electronic equipment (2737),67.55,46.2,728,28.2,9.3,1.8,1.5,7.9,3,70.5,,
221,William Demant,Denmark,Health care equipment & services (453),66.91,7.1,722,-2.1,9.3,2.9,4.1,19.3,5,6.1,,
222,Tomkins,UK,General industrials (272),66.69,24.2,"3,968",27.0,1.7,3.3,3.7,0.4,32,-9.7,,
223,LFB  ,France,Pharmaceuticals (4577),66.57,,352,,18.9,11.1,,5.1,2,,,
224,Kemira,Finland,Chemicals (135),66.40,9.2,"2,833",0.8,2.3,4.5,7.7,1.7,10,-0.5,,
225,Cadbury,UK,Food producers (357),66.20,8.5,"7,006",-15.0,0.9,7.0,4.9,8.4,55,-23.6,,
226,Serco,UK,Support services (279),65.79,-15.8,"3,231",11.1,2.0,1.3,1.1,4.8,43,3.0,,
227,Wendel,France,Other financials (877),64.50,23.1,"5,687",3.9,1.1,6.0,3.3,2.7,54,9.4,,
228,Autonomy,UK,Software (9537),64.44,29.3,362,46.5,17.8,2.8,3.3,36.6,1,10.3,,
229,Nexans,France,Electrical components & equipment (2733),63.00,5.0,"6,799",-8.3,0.9,2.8,2.3,3.1,23,7.2,,
230,Lottomatica,Italy,Travel & leisure (575),62.50,84.4,"2,059",23.9,3.0,11.1,11.5,17.7,7,22.5,,
231,Sorin,Italy,Health care equipment & services (453),62.16,-2.1,757,-3.7,8.2,3.1,2.9,4.8,4,-6.5,,
232,Pace,UK,Telecommunications equipment (9578),61.63,61.6,771,74.0,8.0,0.9,1.9,1.9,1,28.9,,
233,Meggitt,UK,Aerospace & defence (271),61.44,12.3,"1,203",32.4,5.1,3.1,4.7,14.7,8,11.6,,
234,Stada Arzneimittel,Germany,Pharmaceuticals (4577),61.12,24.2,"1,646",4.8,3.7,4.4,2.7,10.5,8,6.8,,
235,BIAL SGPS  ,Portugal,Pharmaceuticals (4577),59.75,72.5,146,0.0,40.8,1.5,2.2,13.0,1,-0.2,,
236,Alfa Laval,Sweden,Industrial machinery (2757),59.50,10.8,"2,534",12.1,2.3,2.7,2.3,20.2,12,9.4,,
237,GEA,Germany,Industrial machinery (2757),59.10,17.7,"5,383",-9.0,1.1,2.9,2.2,7.7,21,4.9,,
238,Spectris,UK,Electrical components & equipment (2733),58.96,26.1,814,17.8,7.2,2.6,1.9,14.5,6,2.5,,
239,Recordati,Italy,Pharmaceuticals (4577),58.86,19.8,690,9.7,8.5,2.0,1.1,19.8,3,20.9,,
240,SCA,Sweden,Forestry & paper (173),58.41,1.3,"10,049",4.3,0.6,7.7,6.5,7.6,52,3.1,,
241,Kone,Finland,Industrial machinery (2757),58.30,15.0,"4,603",12.8,1.3,1.5,1.5,12.2,34,10.2,,
242,Zeltia,Spain,Pharmaceuticals (4577),58.09,12.4,105,23.2,55.2,6.8,3.9,-34.7,1,2.0,,
243,Eramet,France,Industrial metals & mining (175),58.00,56.8,"4,346",14.6,1.3,8.9,7.9,28.6,15,3.7,,
244,TietoEnator (now Tieto),Finland,Computer services (9533),57.90,-13.5,"1,866",5.3,3.1,4.0,2.6,5.8,16,5.2,,
245,Caixa Geral de Depositos,Portugal,Banks (835),57.79,42.0,"3,561",13.1,1.6,3.7,4.3,18.6,20,5.3,,
246,CGGVeritas,France,"Oil equipment, services & distribution (57)",57.50,-3.4,"2,603",9.6,2.2,5.5,9.0,20.5,9,9.3,,
247,Bank of Ireland,Ireland,Banks (835),56.00,-16.4,"3,420",-32.1,1.6,2.2,1.1,-0.2,16,-1.0,,
247,Cognis Deutschland,Germany,Chemicals (135),56.00,-12.5,"3,928",11.7,1.4,2.3,3.3,5.2,6,-22.4,,
247,Fagor Electrodomesticos,Spain,Household goods & home construction (372),56.00,36.6,"1,603",-8.4,3.5,2.9,3.0,0.8,10,-2.0,,
250,Tenaris,Luxembourg,"Oil equipment, services & distribution (57)",55.61,25.3,"8,799",19.0,0.6,3.4,4.1,25.5,24,2.1,,
251,Trelleborg,Sweden,General industrials (272),55.13,19.3,"2,844",0.9,1.9,4.4,3.9,1.1,24,-3.2,,
252,PUMA,Germany,Personal goods (376),55.10,-4.2,"2,524",6.3,2.2,3.9,3.8,12.9,10,14.0,,
253,British Sky Broadcasting,UK,Media (555),54.82,23.2,"5,122",8.8,1.1,4.1,5.9,2.5,14,8.1,,
254,Koenig & Bauer,Germany,Industrial machinery (2757),54.20,-11.4,"1,532",-10.1,3.5,3.5,2.7,-5.4,8,-2.4,,
255,Dyson James  ,UK,Household goods & home construction (372),54.15,2.8,632,18.8,8.6,7.5,4.3,14.6,2,18.8,,
256,Amer Sports,Finland,Leisure goods (374),54.00,-3.9,"1,577",-4.6,3.4,2.3,2.8,4.0,6,-4.5,,
257,Avio,Italy,Aerospace & defence (271),52.69,-9.1,"1,654",7.3,3.2,2.8,4.1,7.1,5,3.9,,
258,HeidelbergCement,Germany,Construction & materials (235),52.60,11.9,"14,376",17.5,0.4,7.4,8.1,12.0,63,13.2,,
259,Husqvarna,Sweden,Industrial machinery (2757),52.40,19.7,"2,942",-2.8,1.8,2.8,2.1,7.4,16,-2.3,,
260,Crucell,The Netherlands,Biotechnology (4573),52.06,14.1,267,31.1,19.5,5.9,13.3,0.9,1,2.4,,
261,Anheuser-Busch Inbev,Belgium,Beverages (353),52.00,160.0,"16,102",11.6,0.3,10.0,10.4,21.9,91,2.5,,
262,Coloplast,Denmark,Health care equipment & services (453),51.86,21.0,"1,137",1.7,4.6,8.5,9.0,11.7,7,5.1,,
263,Intercell,Austria,Biotechnology (4573),51.70,55.1,56,16.6,92.7,69.7,7.1,-32.6,0,42.4,,
264,Andritz,Austria,Industrial machinery (2757),51.24,12.9,"3,610",10.0,1.4,1.8,1.6,6.0,14,14.1,,
265,FrieslandCampina,The Netherlands,Food producers (357),51.00,-5.6,"9,450",5.7,0.5,2.4,3.0,2.6,21,-1.0,,
266,Sopra,France,Computer services (9533),50.10,29.1,"1,129",12.8,4.4,1.1,1.1,8.8,12,12.3,,
267,Industria de Turbo Propulsores  ,Spain,Aerospace & defence (271),50.00,-31.0,483,8.2,10.3,,,8.1,3,11.3,,
268,BBC  ,UK,Media (555),49.44,196.9,"4,459",-2.3,1.1,3.4,3.7,-3.1,23,-1.0,,
269,Groupe SEB,France,Household goods & home construction (372),49.20,5.1,"3,230",12.6,1.5,3.0,2.7,8.1,18,36.9,,
270,UPM-Kymmene,Finland,Forestry & paper (173),49.00,-2.0,"9,461",-5.7,0.5,5.0,6.4,2.1,26,-7.9,,
271,Suez Environnement,France,Support services (279),48.80,,"12,364",,0.4,7.8,,8.3,65,,,
272,Gildemeister,Germany,Industrial machinery (2757),48.56,14.4,"1,904",21.9,2.6,2.2,2.4,8.3,6,8.6,,
273,Unit 4 Agresso,The Netherlands,Software (9537),47.91,36.2,400,5.6,12.0,1.6,2.0,4.9,4,17.1,,
274,Neopost,France,Electronic office equipment (9574),47.70,0.2,918,1.2,5.2,5.1,4.9,25.7,5,6.4,,
275,Sartorius,Germany,Electronic equipment (2737),47.56,6.1,612,3.8,7.8,4.0,5.3,7.9,5,5.6,,
276,Fincantieri,Italy,Commercial vehicles & trucks (2753),47.52,11.3,"2,573",48.3,1.8,4.1,,1.9,9,-0.9,,
277,Hugo Boss,Germany,Personal goods (376),47.50,21.5,"1,686",3.3,2.8,5.9,3.9,11.3,10,8.3,,
278,Cargotec,Finland,Industrial machinery (2757),47.30,1.9,"3,399",12.6,1.4,3.1,2.7,5.1,12,5.3,,
279,Kontron,Germany,Computer hardware (9572),47.22,10.8,497,11.3,9.5,0.7,1.3,9.6,3,3.9,,
280,Sud-Chemie,Germany,Chemicals (135),47.20,12.1,"1,191",10.8,4.0,9.1,9.0,9.7,6,21.4,,
281,Spirent Communications,UK,Telecommunications equipment (9578),46.86,-2.2,267,7.2,17.6,2.9,2.1,19.0,2,-6.9,,
282,Topotarget,Denmark,Biotechnology (4573),46.51,228.2,6,-2.2,788.3,3.2,19.1,-671.2,0,-22.7,,
283,Ktm Power Sports,Austria,Automobiles & parts (335),46.19,72.0,606,7.0,7.6,6.9,4.8,3.3,2,10.5,,
284,Deutsche Bank,Germany,Banks (835),46.00,43.8,"13,490",-56.1,0.3,7.0,2.2,-42.6,80,6.5,,
285,Telekom Austria,Austria,Fixed line telecommunications (653),45.60,-12.3,"5,170",5.1,0.9,11.8,13.1,2.4,18,9.4,,
286,Prysmian,Italy,Electrical components & equipment (2733),45.00,-1.2,"5,144",0.5,0.9,2.0,1.7,8.7,12,1.1,,
287,Technip,France,"Oil equipment, services & distribution (57)",44.90,6.9,"7,481",-5.1,0.6,5.2,3.2,9.2,23,26.4,,
288,RBC Dexia Investor Services,UK,Other financials (877),44.45,60.6,859,-0.9,5.2,1.3,0.7,31.0,5,12.7,,
289,ALK-Abello,Denmark,Pharmaceuticals (4577),43.94,1.2,240,8.0,18.3,20.4,9.9,6.7,1,4.5,,
290,Biotest,Germany,Pharmaceuticals (4577),43.27,26.9,423,29.6,10.2,7.5,8.1,13.2,2,39.5,,
291,LEGO,Denmark,Leisure goods (374),43.26,27.8,"1,280",18.7,3.4,3.9,5.2,22.0,5,28.3,,
292,Grammer,Germany,Automobiles & parts (335),43.15,-18.7,"1,007",0.9,4.3,3.2,3.0,3.1,9,1.8,,
293,Christian Dior,France,Personal goods (376),43.00,-6.5,"17,933",4.0,0.2,5.5,5.0,19.3,73,9.6,,
294,Evotec,Germany,Pharmaceuticals (4577),42.52,15.6,40,-27.2,107.3,8.8,5.8,-185.5,0,-24.5,,
295,Poste Italiane,Italy,Industrial transportation (277),41.77,179.2,"17,694",11.8,0.2,2.7,2.6,8.1,150,-3.9,,
296,Simcorp,Denmark,Software (9537),41.45,25.1,175,8.9,23.7,5.3,2.1,21.6,1,23.1,,
297,Belgacom,Belgium,Fixed line telecommunications (653),41.00,0.0,"5,911",-1.3,0.7,8.7,8.6,19.5,17,-8.3,,
298,ADVA,Germany,Telecommunications equipment (9578),40.96,-3.6,218,-13.4,18.8,1.9,3.4,-3.2,1,8.2,,
299,Laird,UK,Electrical components & equipment (2733),40.34,55.4,657,-0.3,6.1,4.7,4.4,5.8,12,-1.7,,
300,Biovitrum,Sweden,Biotechnology (4573),40.08,-27.8,104,-9.2,38.6,2.1,7.6,-33.9,0,-15.2,,
301,KPMG Europe LLP,UK,Support services (279),40.00,286.8,"3,387",103.8,1.2,1.3,1.2,19.8,19,81.7,,
302,IMI,UK,Industrial machinery (2757),39.51,24.4,"1,966",18.9,2.0,2.6,3.1,11.0,15,1.9,,
303,Jungheinrich,Germany,Commercial vehicles & trucks (2753),39.04,-4.7,"2,145",7.2,1.8,13.9,13.4,5.8,11,6.5,,
304,NKT,Denmark,Electrical components & equipment (2733),38.91,-0.5,"1,858",2.2,2.1,5.5,3.4,5.7,9,13.7,,
305,Elektrobit,Finland,Electronic equipment (2737),38.88,-8.0,172,8.0,22.6,3.3,9.2,-26.5,2,4.3,,
306,Vaillant,Germany,Household goods & home construction (372),38.30,,"2,111",,1.8,2.5,,8.2,10,,,
307,Jenoptik,Germany,Industrial machinery (2757),38.28,-7.3,548,5.1,7.0,3.3,5.6,5.4,3,2.4,,
308,Eureko,The Netherlands,Life insurance (857),38.00,46.2,"17,535",-0.5,0.2,0.7,0.9,-14.9,25,3.7,,
309,ElringKlinger,Germany,Automobiles & parts (335),37.89,21.4,658,8.2,5.8,20.6,15.0,11.5,4,19.1,,
310,KUKA,Germany,Industrial machinery (2757),37.47,0.7,"1,266",-7.9,3.0,1.5,0.9,4.1,6,-5.1,,
311,Option,Belgium,Telecommunications equipment (9578),37.04,21.0,268,-11.1,13.8,1.1,4.3,-10.9,1,4.8,,
312,TNT,The Netherlands,Industrial transportation (277),37.00,-28.8,"10,983",0.9,0.3,2.6,3.6,8.4,163,1.0,,
312,Neste Oil,Finland,Oil & gas producers (53),37.00,32.1,"15,043",24.3,0.2,3.2,2.7,1.1,5,7.6,,
314,Somfy,France,Electrical components & equipment (2733),36.86,10.4,749,4.0,4.9,5.4,4.4,16.3,5,14.6,,
315,SGL Carbon,Germany,Electrical components & equipment (2733),36.20,15.3,"1,612",17.4,2.2,14.7,9.3,18.8,6,13.1,,
316,FLSmidth,Denmark,Construction & materials (235),36.01,27.6,"3,403",26.2,1.1,2.5,1.9,9.6,12,22.7,,
317,WestLB,Germany,Banks (835),36.00,50.0,"1,585",826.9,2.3,1.6,26.9,2.6,6,-3.8,,
317,Delhaize,Belgium,Food & drug retailers (533),36.00,78.2,"19,044",-0.2,0.2,3.7,3.8,4.7,141,2.3,,
317,CSM,The Netherlands,Food producers (357),36.00,5.9,"2,599",2.2,1.4,2.4,4.4,4.2,9,1.1,,
317,Sudzucker,Germany,Food producers (357),36.00,-0.8,"5,871",1.6,0.6,6.3,8.2,6.2,18,-3.8,,
321,Elekta,Sweden,Health care equipment & services (453),35.94,-4.6,462,12.3,7.8,1.1,1.5,13.0,2,8.3,,
322,SkillSoft  ,Ireland,Software (9537),35.86,0.5,236,16.9,15.2,1.8,1.1,25.2,1,-0.8,,
323,Egis Pharmaceuticals,Hungary,Pharmaceuticals (4577),35.78,16.9,411,-6.8,8.7,12.0,10.2,8.9,3,-18.3,,
324,Lifecycle Pharma,Denmark,Biotechnology (4573),35.43,43.6,23,163.1,155.0,3.8,9.1,-102.3,0,59.4,,
325,NeuroSearch,Denmark,Biotechnology (4573),35.40,21.4,9,-42.1,394.6,75.3,13.6,-576.1,0,5.2,,
326,Zumtobel,Austria,Electronic equipment (2737),35.23,5.6,"1,174",-8.4,3.0,5.4,3.9,2.9,8,-2.0,,
327,Meda,Sweden,Pharmaceuticals (4577),35.12,61.5,971,31.1,3.6,0.7,0.9,21.6,3,26.1,,
328,Danieli,Italy,Industrial machinery (2757),35.00,-71.0,"2,624",63.7,1.3,6.5,10.7,8.0,8,16.4,,
328,Benetton,Italy,Personal goods (376),35.00,59.1,"2,140",2.6,1.6,8.9,10.5,11.7,9,4.9,,
330,Barilla,Italy,Food producers (357),34.98,-0.2,"4,245",3.1,0.8,5.1,6.5,5.0,19,-4.5,,
331,Beig Topco,UK,Food producers (357),34.38,333.0,"1,270",212.0,2.7,1.3,1.5,4.9,2,-10.2,,
332,Ultra Electronics,UK,Aerospace & defence (271),34.24,13.2,533,24.8,6.4,2.8,2.1,12.3,4,17.3,,
333,Boliden,Sweden,Mining (177),34.21,16.8,"2,819",-6.7,1.2,14.9,7.6,3.2,5,1.9,,
334,Talanx,Germany,Nonlife insurance (853),34.00,183.3,"17,523",-6.7,0.2,0.9,0.6,2.6,17,1.2,,
335,"Wavecom (now part of Sierra Wireless, Canada)  ",France,Telecommunications equipment (9578),33.56,7.8,202,7.2,16.6,,,6.2,0,9.4,,
336,Abengoa,Spain,General industrials (272),33.54,-38.6,"3,769",17.3,0.9,20.0,14.8,8.0,23,34.7,,
337,Vectura,UK,Pharmaceuticals (4577),33.41,8.9,32,23.7,103.5,5.5,3.0,-67.0,0,-2.1,,
338,Nemetschek,Germany,Software (9537),33.34,14.3,150,2.9,22.2,1.6,1.2,14.1,1,-0.7,,
339,SMA Solar Technology,Germany,Alternative energy (58),33.11,78.6,682,108.2,4.9,10.3,3.3,24.6,3,57.1,,
340,Wilo,Germany,Industrial machinery (2757),32.71,26.5,977,5.4,3.3,5.1,4.6,9.0,6,3.5,,
341,Cegedim,France,Computer services (9533),32.69,179.9,849,12.7,3.9,6.0,5.3,10.6,8,2.6,,
342,ELMOS Semiconductor,Germany,Semiconductors (9576),32.44,-0.9,175,-0.6,18.5,8.9,9.8,7.8,1,-5.1,,
343,Auriga Industries,Denmark,Chemicals (135),32.29,79.3,761,4.6,4.2,2.5,2.9,9.0,2,17.9,,
344,Imagination Technologies,UK,Semiconductors (9576),32.18,15.8,66,15.7,48.5,2.3,3.4,4.1,1,17.2,,
345,Gamesa,Spain,Industrial machinery (2757),32.06,3.7,"4,091",25.5,0.8,2.9,1.8,5.7,7,9.6,,
346,Lafarge,France,Construction & materials (235),32.00,-27.3,"19,033",8.1,0.2,14.5,11.2,16.4,75,8.5,,
346,De'Longhi,Italy,Household goods & home construction (372),32.00,9.7,"1,533",2.9,2.1,2.2,3.1,6.9,7,-1.9,,
348,Cookson,UK,General industrials (272),31.76,32.9,"2,278",35.9,1.4,3.3,3.7,5.8,17,28.5,,
349,Experian,UK,Support services (279),31.66,-27.9,"2,931",-1.4,1.1,1.9,2.5,16.2,15,-7.2,,
350,KSB,Germany,Industrial machinery (2757),31.65,1.5,"1,992",12.5,1.6,5.0,3.0,10.4,14,3.0,,
351,JCB Service  ,UK,Commercial vehicles & trucks (2753),30.93,-8.6,"2,207",28.2,1.4,3.1,2.7,7.5,7,13.1,,
352,Vocalink  ,UK,Computer services (9533),30.78,-7.0,144,7.4,21.4,7.6,4.6,-6.6,1,8.2,,
353,Q-Cells,Germany,Alternative energy (58),30.50,77.3,"1,251",45.7,2.4,27.2,28.7,18.5,2,56.9,,
354,Pearson,UK,Media (555),30.00,45.0,"4,985",11.3,0.6,1.6,2.1,14.0,34,3.0,,
355,Pharmathen  ,Greece,Pharmaceuticals (4577),29.98,61.3,74,70.6,40.4,15.2,7.3,15.0,0,20.4,,
356,Betfair  ,UK,Travel & leisure (575),29.89,31.8,242,28.4,12.4,5.2,8.2,16.3,1,25.9,,
357,Santaris Pharma,Denmark,Biotechnology (4573),29.61,71.5,9,76.6,330.1,10.6,28.3,-273.5,0,49.3,,
358,Energie Baden,Germany,Electricity (753),29.30,-26.2,"16,305",10.1,0.2,7.3,5.8,9.3,20,0.9,,
359,Edwards,UK,Industrial machinery (2757),29.17,27.0,527,63.7,5.5,3.4,2.5,4.8,4,-14.6,,
360,Alecta  ,Sweden,Life insurance (857),29.11,27.5,"1,748",-66.7,1.7,0.1,,178.3,1,2.0,,
361,Beru,Germany,Automobiles & parts (335),29.04,-15.3,409,-9.1,7.1,4.3,5.5,-6.4,2,-9.3,,
362,Tate & Lyle,UK,Food producers (357),28.96,-12.5,"4,557",23.4,0.6,5.2,7.9,3.1,6,-18.5,,
362,ICAP,UK,Other financials (877),28.96,15.2,"1,656",24.8,1.7,2.2,1.5,18.1,4,15.2,,
364,Funkwerk,Germany,Mobile telecommunications (657),28.73,4.9,290,-0.1,9.9,1.8,2.3,3.7,2,7.9,,
364,Wolfson Microelectronics,UK,Semiconductors (9576),28.73,-2.2,143,-14.4,20.1,2.3,5.1,4.2,0,3.1,,
366,Punch International,Belgium,Industrial machinery (2757),28.49,55.9,342,3.0,8.3,13.4,33.8,13.9,2,-18.0,,
367,Transgene,France,Biotechnology (4573),28.39,4.7,4,-82.7,636.5,412.3,4.0,-579.6,0,12.6,,
368,AVEVA,UK,Software (9537),28.27,28.3,170,28.6,16.7,2.2,1.4,34.5,1,22.0,,
369,Renishaw,UK,Electronic equipment (2737),28.25,16.6,208,11.2,13.6,2.6,5.4,18.8,2,1.9,,
370,Rockwool International,Denmark,Construction & materials (235),28.22,-16.6,"1,841",-1.5,1.5,17.3,12.1,11.2,9,1.5,,
371,Haldex,Sweden,Automobiles & parts (335),28.02,10.8,764,5.8,3.7,4.1,4.8,1.1,6,8.8,,
371,LKAB,Sweden,Mining (177),28.02,48.1,"2,104",41.2,1.3,20.4,37.6,44.6,4,5.2,,
373,Latecoere,France,Aerospace & defence (271),28.00,-64.6,684,39.8,4.1,2.6,3.1,4.7,4,-3.7,,
374,Novomatic,Austria,Travel & leisure (575),27.69,17.5,"1,281",33.4,2.2,31.7,30.4,27.0,9,42.8,,
375,Morphosys,Germany,Biotechnology (4573),27.60,24.1,72,15.6,38.5,2.3,1.7,23.0,0,7.2,,
376,Ion Beam Applications,Belgium,Health care equipment & services (453),27.26,57.8,333,55.5,8.2,5.6,10.1,3.9,2,52.0,,
377,NATS,UK,Industrial transportation (277),27.10,-2.2,768,5.9,3.5,14.3,15.1,17.7,5,0.0,,
378,Same Deutz-Fahr  ,Italy,Commercial vehicles & trucks (2753),27.00,-2.4,"1,220",10.9,2.2,2.0,,2.9,3,-4.8,,
378,Fortum,Finland,Electricity (753),27.00,28.6,"5,636",25.8,0.5,19.5,14.4,35.5,14,69.5,,
378,Rautaruukki,Finland,Industrial metals & mining (175),27.00,-3.6,"3,851",-0.6,0.7,4.6,3.5,14.6,15,1.6,,
381,Parrot,France,Telecommunications equipment (9578),26.99,13.3,207,-6.0,13.1,1.1,1.3,7.5,0,4.0,,
382,Axis,Sweden,Computer hardware (9572),26.79,42.7,180,18.2,14.9,1.4,0.9,16.8,1,30.8,,
383,Homag,Germany,Industrial machinery (2757),26.41,-3.5,856,2.3,3.1,2.6,2.7,6.8,5,6.9,,
384,Patria,Finland,Aerospace & defence (271),26.40,169.4,535,-1.2,4.9,5.3,3.8,1.5,3,5.6,,
385,Aixtron,Germany,Semiconductors (9576),26.37,14.7,274,27.7,9.6,4.2,2.8,11.1,1,7.1,,
386,Akka Technologies,France,Computer services (9533),26.17,-26.3,382,61.7,6.9,0.9,1.3,4.8,5,59.1,,
387,Wacker Construction Equipment (now Wacker Neuson),Germany,Industrial machinery (2757),26.13,23.0,870,17.3,3.0,10.4,10.0,6.7,4,0.2,,
388,Paul Hartmann,Germany,Health care equipment & services (453),26.10,-1.5,"1,377",7.5,1.9,2.8,2.0,3.5,9,4.3,,
389,Munich Re,Germany,Nonlife insurance (853),26.00,8.3,"46,106",-2.6,0.1,0.3,0.1,6.3,44,14.4,,
390,Anglo American,UK,Mining (177),25.90,-12.2,"18,929",-10.9,0.1,21.8,14.0,30.3,105,-9.5,,
391,Aeffe,Italy,Personal goods (376),25.75,4.7,295,0.5,8.7,4.7,3.2,7.4,2,5.7,,
392,Sophos,UK,Software (9537),25.74,23.7,87,13.5,29.6,2.4,2.8,-9.3,1,9.3,,
393,austriamicrosystems,Austria,Semiconductors (9576),25.60,11.5,185,3.3,13.9,6.5,10.4,9.8,1,5.4,,
394,CEGID,France,Software (9537),25.48,2.2,249,3.1,10.3,0.7,1.5,12.3,2,4.9,,
395,Hunter Douglas,The Netherlands,Household goods & home construction (372),25.18,6.1,"2,117",-2.8,1.2,4.5,4.6,4.4,19,-7.9,,
396,Micro Focus International,UK,Software (9537),25.09,48.2,164,33.0,15.3,1.4,0.5,32.8,1,26.6,,
397,MediGene,Germany,Biotechnology (4573),25.05,-1.2,34,51.9,74.8,0.9,5.0,-110.8,0,-5.7,,
398,LM Glasfiber,Denmark,Chemicals (135),25.02,40.6,885,52.7,2.8,26.6,13.0,10.3,6,30.8,,
399,Metsaliitto,Finland,Forestry & paper (173),25.00,-13.8,"7,715",-13.7,0.3,3.9,5.0,-5.7,18,-18.8,,
400,Seton House  ,UK,Support services (279),24.83,42.9,344,-12.9,7.2,2.1,2.0,-1.1,3,-9.4,,
401,Guerbet,France,Pharmaceuticals (4577),24.68,-6.8,321,4.8,7.7,8.6,12.8,11.0,1,0.7,,
402,Dialog Semiconductor,UK,Semiconductors (9576),24.38,14.5,116,86.5,20.9,2.4,4.8,3.3,0,11.8,,
403,F-Secure,Finland,Computer services (9533),24.37,22.0,113,16.8,21.6,1.7,1.7,20.5,1,36.0,,
404,Lantmannen  ,Sweden,Food producers (357),24.20,-21.8,"3,875",19.1,0.6,6.2,6.1,1.0,13,-1.2,,
405,SBM Offshore,The Netherlands,"Oil equipment, services & distribution (57)",24.19,31.5,"2,202",6.6,1.1,32.3,19.1,8.8,3,20.2,,
406,Eppendorf,Germany,Health care equipment & services (453),24.12,21.5,410,18.6,5.9,,,17.5,2,20.2,,
407,Vaisala,Finland,Electronic equipment (2737),24.10,4.3,243,8.2,9.9,4.9,3.1,15.7,1,5.8,,
407,John Lewis,UK,General retailers (537),24.10,9.4,"6,268",6.3,0.4,5.6,6.5,6.6,68,2.0,,
409,Duerr,Germany,Industrial machinery (2757),24.05,12.7,"1,603",8.4,1.5,0.6,0.7,4.5,6,4.3,,
410,Datalogic,Italy,Electronic equipment (2737),24.03,-5.8,404,5.9,5.9,3.2,2.8,7.8,2,0.5,,
411,Energia de Portugal,Portugal,Electricity (753),24.00,,"13,894",26.2,0.2,26.3,26.7,11.8,12,-6.5,,
412,Melexis,Belgium,Semiconductors (9576),23.82,-2.3,186,-9.1,12.8,5.2,7.4,13.0,1,1.2,,
413,Ahlstrom,Finland,Chemicals (135),23.80,-0.4,"1,802",2.4,1.3,6.6,8.5,0.4,7,6.6,,
413,BIC,France,Household goods & home construction (372),23.80,-2.9,"1,421",-2.4,1.7,5.3,5.0,14.6,8,-3.1,,
415,Rexam,UK,General industrials (272),23.79,53.3,"4,777",20.8,0.5,8.1,8.3,8.3,24,1.3,,
416,Halma,UK,Electronic equipment (2737),23.70,22.6,472,14.6,5.0,3.3,3.7,16.6,4,9.1,,
417,Clarins,France,Personal goods (376),23.63,4.1,"1,008",4.2,2.3,6.0,5.0,11.3,6,4.7,,
418,888,UK,Travel & leisure (575),23.51,39.1,185,20.4,12.7,3.4,3.6,14.5,1,9.8,,
419,IMA Industria Macchine Automatiche,Italy,Industrial machinery (2757),23.42,-0.1,547,17.8,4.3,1.8,1.4,13.1,3,15.9,,
420,Arcandor,Germany,General retailers (537),23.36,-40.3,"20,025",24.7,0.1,4.2,0.8,-2.2,86,6.4,,
421,Oxford Biomedica,UK,Pharmaceuticals (4577),23.26,1.6,19,154.8,122.2,0.8,3.9,-75.0,0,6.3,,
422,Bull,France,Computer hardware (9572),23.00,-48.8,"1,133",1.4,2.0,1.2,1.3,1.1,8,2.6,,
423,GfK,Germany,Support services (279),22.98,-5.7,"1,220",5.0,1.9,2.8,2.2,10.9,10,10.2,,
424,"Zentiva (now part of Sanofi-Aventis, France)",Czech Republic,Pharmaceuticals (4577),22.84,23.7,553,19.0,4.1,6.9,7.5,13.0,6,29.6,,
425,SSAB Svenskt Stal,Sweden,Industrial metals & mining (175),22.75,25.0,"5,663",30.6,0.4,4.2,5.9,16.4,9,-9.4,,
426,Fuchs Petrolub,Germany,Chemicals (135),22.70,-4.2,"1,394",2.1,1.6,3.1,1.6,12.2,4,1.5,,
427,Itella,Finland,Industrial transportation (277),22.60,-0.4,"1,953",15.7,1.2,6.9,4.6,3.2,28,9.9,,
428,Servier  ,UK,Biotechnology (4573),22.45,18.9,22,18.9,100.0,4.7,10.1,4.5,0,7.5,,
429,BTG,UK,Biotechnology (4573),22.34,116.1,88,13.1,25.5,1.8,0.8,-13.9,0,131.3,,
430,Pohjolan Voima  ,Finland,Electricity (753),22.20,26.1,919,19.9,2.4,83.1,49.9,-1.8,1,3.5,,
431,Dako,Denmark,Biotechnology (4573),22.01,70.2,220,61.4,10.0,9.6,5.9,8.3,1,0.1,,
432,Commerzbank,Germany,Banks (835),22.00,69.2,"6,460",-21.0,0.3,2.7,2.2,-6.7,39,12.8,,
432,Accor,France,Travel & leisure (575),22.00,-15.4,"7,739",-4.7,0.3,16.0,10.8,11.0,158,-8.4,,
434,RHI,Austria,Industrial machinery (2757),21.90,3.8,"1,607",8.2,1.4,4.4,5.0,9.1,8,6.5,,
435,"REpower Systems (now part of Suzlon Energy, India)",Germany,Alternative energy (58),21.88,63.5,"1,209",77.8,1.8,4.3,5.1,6.5,2,41.1,,
436,Oberthur Technologies,France,Electronic equipment (2737),21.80,19.0,734,40.0,3.0,3.4,3.6,7.2,5,49.1,,
437,Wittington Investments,UK,Food producers (357),21.72,31.2,"8,605",21.0,0.3,6.1,5.8,6.3,97,13.2,,
438,Fidessa,UK,Software (9537),21.45,1.1,196,40.1,11.0,12.0,6.9,11.9,1,24.7,,
439,Stork,The Netherlands,Industrial machinery (2757),21.35,-56.9,"1,772",-18.1,1.2,3.9,3.1,4.9,14,-0.3,,
440,MGI Coutier,France,Automobiles & parts (335),21.10,-6.2,420,-9.3,5.0,3.6,4.1,0.1,4,-13.0,,
440,Saft,France,Electrical components & equipment (2733),21.10,-9.4,609,1.5,3.5,3.7,3.0,11.5,4,0.7,,
442,Exact,The Netherlands,Software (9537),21.06,9.9,261,3.5,8.1,1.1,2.4,18.9,3,-1.5,,
443,Q-Med,Sweden,Biotechnology (4573),21.03,-1.8,116,-3.5,18.2,15.3,8.7,3.9,1,3.9,,
444,Orexo,Sweden,Pharmaceuticals (4577),21.00,51.5,21,204.2,98.9,2.7,72.6,-48.2,0,53.8,,
445,RHJ International,Belgium,Other financials (877),20.91,175.1,"3,547",-33.3,0.6,5.0,4.1,-33.4,18,-18.0,,
446,Nordex,Germany,Industrial machinery (2757),20.87,21.1,"1,136",51.9,1.8,4.6,2.1,5.5,2,44.6,,
447,CS Communication & Systemes,France,Computer services (9533),20.82,8.3,222,-1.6,9.4,0.9,1.2,-2.2,2,16.9,,
448,Aliaxis,Belgium,Construction & materials (235),20.77,4.5,"2,405",13.6,0.9,4.2,3.9,12.0,16,31.3,,
448,Glen Electric  ,UK,Household goods & home construction (372),20.77,23.1,834,0.9,2.5,1.7,2.6,5.7,6,2.5,,
450,ITV,UK,Media (555),20.69,-9.1,"2,099",-2.5,1.0,1.0,2.4,-131.7,6,-1.8,,
451,Symphogen,Denmark,Biotechnology (4573),20.62,40.7,6,21.3,354.3,44.5,20.6,-334.5,0,13.0,,
452,Teollisuuden Voima,Finland,Electricity (753),20.60,20.5,257,10.7,8.0,232.6,111.7,-14.2,1,3.2,,
453,BRE Bank,Poland,Banks (835),20.56,2.8,694,34.9,3.0,9.1,8.9,30.8,7,19.8,,
453,Seco Tools,Sweden,Industrial machinery (2757),20.56,9.2,595,8.3,3.5,11.1,8.8,20.4,5,13.1,,
455,Thrane & Thrane,Denmark,Telecommunications equipment (9578),20.55,-26.7,166,-1.4,12.4,1.0,1.9,9.9,1,-8.9,,
456,Veritas  ,Germany,Automobiles & parts (335),20.38,-2.5,432,3.8,4.7,5.6,5.0,-1.0,3,-0.3,,
457,Pharming,The Netherlands,Biotechnology (4573),20.23,6.0,0,-94.2,"50,575.0",725.0,97.1,"-75,250.0",0,2.7,,
458,Outotec,Finland,Industrial machinery (2757),20.20,37.4,"1,218",21.8,1.7,0.9,0.5,9.8,2,15.8,,
459,A-Tec Industries,Austria,Industrial machinery (2757),20.18,7.4,"3,316",40.4,0.6,3.4,2.6,0.3,13,-5.7,,
460,Visiocorp,UK,Automobiles & parts (335),20.17,,599,,3.4,3.0,,-1.7,5,,,
461,Wanderer-Werke,Germany,Industrial machinery (2757),20.12,,578,,3.5,2.3,,4.6,4,,,
462,Singulus Technologies,Germany,Industrial machinery (2757),20.08,-21.5,208,-6.8,9.7,1.2,0.8,-22.2,1,4.7,,
463,Terma  ,Denmark,Aerospace & defence (271),20.06,65.9,142,1.8,14.1,7.4,3.1,7.0,1,16.0,,
464,Wilex,Germany,Biotechnology (4573),20.04,-10.2,3,48.8,670.2,1.7,7.5,-722.7,0,21.6,,
465,Outokumpu,Finland,Industrial metals & mining (175),20.00,11.1,"5,741",-23.6,0.3,5.2,1.8,-1.2,9,5.5,,
466,Force India Formula One  ,UK,Travel & leisure (575),19.88,84.2,30,-22.0,66.1,8.0,9.6,-37.1,0,6.7,,
467,WET Automotive Systems,Germany,Automobiles & parts (335),19.86,10.8,170,-4.4,11.7,3.0,3.9,-19.4,4,-1.2,,
468,Bauer,Germany,Construction & materials (235),19.75,20.9,"1,291",25.0,1.5,10.9,9.3,13.1,9,24.2,,
469,Prima Industrie,Italy,Industrial machinery (2757),19.69,110.1,367,108.2,5.4,1.8,1.0,6.5,2,126.9,,
470,K+S,Germany,Chemicals (135),19.61,20.2,"4,794",43.4,0.4,5.2,5.2,24.8,12,2.1,,
471,Severn Trent,UK,"Gas, water & multiutilities (757)",19.55,22.0,"1,699",5.8,1.2,28.9,26.8,27.2,9,0.7,,
472,Nolato,Sweden,Chemicals (135),19.38,67.8,257,15.1,7.5,5.6,4.4,8.2,5,20.5,,
473,Charter International,UK,Industrial machinery (2757),19.24,93.8,"1,952",30.0,1.0,3.0,3.1,10.8,13,18.1,,
474,Renovo,UK,Biotechnology (4573),19.19,-9.3,8,"1,443.1",243.8,43.1,109.8,-286.8,0,14.6,,
475,Miba,Austria,Automobiles & parts (335),19.10,19.4,375,-3.4,5.1,11.4,9.1,8.5,3,5.5,,
476,Antisoma,UK,Biotechnology (4573),19.07,27.0,41,396.8,46.6,0.3,2.3,27.3,0,20.3,,
477,Genus,UK,Biotechnology (4573),19.03,3.9,267,-2.0,7.1,2.4,2.8,11.4,2,3.1,,
478,YIT,Finland,Construction & materials (235),19.00,-13.6,"3,940",6.3,0.5,0.2,0.8,6.5,25,7.1,,
479,"Ilog (now part of IBM, USA)",France,Software (9537),18.93,-24.9,88,-24.0,21.5,1.6,4.4,-1.2,1,1.3,,
480,Cattles,UK,Other financials (877),18.72,-4.7,850,14.6,2.2,0.9,0.6,20.1,5,6.4,,
481,IBS,Sweden,Software (9537),18.68,-36.7,185,-10.0,10.1,0.8,0.9,-13.5,2,-11.2,,
482,Standard Life,UK,Life insurance (857),18.62,5.9,"-16,126",-254.2,-0.1,-1.8,2.3,0.9,10,-0.4,,
483,Uponor,Finland,Construction & materials (235),18.60,-5.6,958,-21.4,1.9,3.6,4.0,5.5,4,-6.4,,
484,Bioinvent,Sweden,Biotechnology (4573),18.58,44.9,23,75.8,81.0,3.1,2.8,2.6,0,3.1,,
485,Indesit,Italy,Household goods & home construction (372),18.50,-26.0,"3,155",-8.2,0.6,3.6,4.0,4.2,17,-0.5,,
486,Unibel,France,Food producers (357),18.45,8.9,"2,217",12.8,0.8,4.6,4.4,4.1,12,,,
487,ACTIELEC Technologies (now Actia),France,Electronic equipment (2737),18.43,10.4,251,12.8,7.4,1.5,2.6,5.2,2,9.1,,
488,Post Danmark,Denmark,Industrial transportation (277),18.41,-19.4,"1,600",0.9,1.2,3.2,3.8,9.4,20,-5.4,,
489,Industrial and Financial Systems,Sweden,Software (9537),18.38,5.8,229,6.9,8.0,1.0,0.8,6.2,3,2.8,,
490,Active Biotech,Sweden,Biotechnology (4573),18.33,10.0,5,488.8,389.2,12.1,10.0,-359.9,0,1.1,,
491,Konecranes,Finland,Industrial machinery (2757),18.30,21.2,"2,103",20.2,0.9,1.0,1.4,11.6,9,15.2,,
491,B&C,Austria,Other financials (877),18.30,13.7,"2,020",14.5,0.9,7.9,,11.6,14,11.1,,
493,Croda International,UK,Chemicals (135),18.21,24.8,"1,037",5.5,1.8,5.2,4.0,11.9,4,-6.9,,
494,Norddeutsche Landesbank Girozentrale,Germany,Banks (835),18.00,-5.3,"1,367",4.6,1.3,1.4,1.2,1.7,6,5.0,,
494,Kofax,UK,Software (9537),18.00,13.7,176,6.1,10.2,1.7,1.1,5.5,1,2.1,,
496,Devgen,Belgium,Biotechnology (4573),17.98,108.8,9,54.3,194.2,6.0,17.5,-279.8,0,31.5,,
497,Innate Pharma,France,Biotechnology (4573),17.91,-4.0,13,48.7,138.6,58.0,15.0,-92.7,0,4.7,,
498,Atlantia,Italy,Industrial transportation (277),17.90,-14.9,"2,853",-12.7,0.6,34.6,32.9,55.6,10,6.1,,
499,Fimalac,France,Other financials (877),17.85,-16.2,587,-21.2,3.0,12.3,45.5,15.9,3,-0.7,,
500,Recticel,Belgium,Chemicals (135),17.73,-4.4,"1,555",-3.5,1.1,2.9,2.6,2.6,11,-1.5,,
501,SAES Getters,Italy,Electronic equipment (2737),17.66,-0.5,160,-4.2,11.0,6.9,7.2,19.4,1,23.7,,
502,Demag Cranes,Germany,Industrial machinery (2757),17.60,-4.3,"1,226",13.5,1.4,1.7,2.1,10.8,6,3.2,,
503,Diageo,UK,Beverages (353),17.59,0.0,"8,368",8.1,0.2,4.3,3.5,29.4,24,8.2,,
503,Logica,UK,Computer services (9533),17.59,-21.6,"3,711",13.6,0.5,1.3,1.3,2.4,39,-1.4,,
505,Thrombogenics,Belgium,Biotechnology (4573),17.40,3.0,30,"1,928.0",57.2,1.4,58.0,33.1,0,31.3,,
506,Sword,France,Computer services (9533),17.31,103.9,206,14.9,8.4,1.7,2.0,17.5,2,17.2,,
507,Vossloh,Germany,Industrial transportation (277),17.20,35.4,"1,372",11.3,1.3,2.1,3.7,10.7,5,-16.0,,
508,LCH Clearnet,UK,Other financials (877),17.18,7.3,501,12.8,3.4,1.9,0.7,51.5,1,10.1,,
509,James Hardie Industries  ,The Netherlands,Construction & materials (235),17.12,-12.8,865,-18.1,2.0,2.2,2.6,13.2,2,-20.0,,
510,Ark Therapeutics,UK,Biotechnology (4573),17.03,12.5,1,-17.2,"1,774.0",766.7,344.0,"-2,214.6",0,2.0,,
511,Vacon,Finland,Electrical components & equipment (2733),17.00,19.0,293,26.3,5.8,2.8,3.0,11.8,1,46.5,,
512,TDC,Denmark,Fixed line telecommunications (653),16.93,-78.2,"5,216",-10.7,0.3,10.6,9.7,15.7,16,-13.1,,
513,Oxford Instruments,UK,Electronic equipment (2737),16.86,0.6,214,17.0,7.9,1.7,2.2,-0.2,2,2.0,,
513,Allergy Therapeutics,UK,Pharmaceuticals (4577),16.86,-35.7,32,20.5,52.5,7.3,12.3,-50.3,0,8.4,,
515,Schaltbau,Germany,Commercial vehicles & trucks (2753),16.83,6.0,280,20.7,6.0,1.6,2.3,7.9,1,4.1,,
516,Vetoquinol,France,Biotechnology (4573),16.80,9.5,234,0.4,7.2,2.3,2.6,12.0,1,8.5,,
517,Randstad,The Netherlands,Support services (279),16.70,169.4,"2,972",46.4,0.6,2.0,3.0,-1.7,28,60.7,,
518,Ohb Technology,Germany,Aerospace & defence (271),16.67,36.5,232,6.2,7.2,2.6,1.4,7.0,1,5.8,,
519,e2v Technologies,UK,Electronic equipment (2737),16.58,13.7,241,14.0,6.9,4.0,5.2,-9.1,2,-6.2,,
520,Flamel Technologies  ,France,Biotechnology (4573),16.55,-15.3,28,5.3,59.6,9.1,30.8,-76.0,0,-6.0,,
521,LeasePlan,The Netherlands,Other financials (877),16.46,-3.9,885,-8.1,1.9,625.0,541.0,28.0,6,2.1,,
522,Manitou BF,France,Commercial vehicles & trucks (2753),16.29,14.2,"1,278",1.4,1.3,2.9,3.5,3.6,3,24.4,,
523,Soitec,France,Semiconductors (9576),16.28,-5.3,214,-28.3,7.6,4.1,54.9,-32.4,1,2.2,,
524,Valio  ,Finland,Food producers (357),16.20,15.7,"1,844",7.6,0.9,8.3,6.3,-0.1,4,3.1,,
525,Ducati Motor,Italy,Automobiles & parts (335),16.11,100.9,398,19.5,4.1,4.5,3.7,5.2,1,3.5,,
526,Verbund,Austria,Electricity (753),16.10,78.9,"3,745",23.2,0.4,11.8,8.2,29.5,3,4.1,,
526,TUI,Germany,Travel & leisure (575),16.10,114.7,"24,934",14.0,0.1,1.6,4.6,1.3,75,18.9,,
528,Micronic Laser Systems,Sweden,Semiconductors (9576),16.04,-11.1,52,8.7,31.0,1.5,1.7,-23.8,0,-4.3,,
529,Gewiss,Italy,Electrical components & equipment (2733),16.01,11.3,338,2.2,4.7,3.6,8.1,11.9,2,-0.3,,
530,Finatis,France,Food & drug retailers (533),16.00,-11.1,"29,469",11.7,0.1,4.1,3.8,3.8,178,7.4,,
530,Rallye,France,Food & drug retailers (533),16.00,-15.8,"29,463",11.7,0.1,3.9,3.7,3.7,0,,,
530,Deutsche Bahn,Germany,Travel & leisure (575),16.00,33.3,"33,452",6.8,0.0,20.0,19.9,5.6,248,3.8,,
533,Hikma Pharmaceuticals,UK,Pharmaceuticals (4577),15.95,14.6,418,29.4,3.8,9.8,11.0,13.9,5,40.5,,
534,Bioton,Poland,Pharmaceuticals (4577),15.92,21.8,71,8.3,22.3,60.7,6.4,-34.3,1,46.2,,
535,Sepura,UK,Telecommunications equipment (9578),15.83,10.7,77,8.8,20.7,2.4,4.2,14.2,0,14.6,,
536,Huhtamaki,Finland,General industrials (272),15.80,-8.7,"2,260",-2.2,0.7,3.1,6.3,-3.5,15,0.4,,
537,BE Semiconductor Industries,The Netherlands,Semiconductors (9576),15.71,-16.2,149,-10.3,10.5,5.0,2.4,-20.2,1,0.0,,
538,McLaren  ,UK,Travel & leisure (575),15.70,488.0,251,17.2,6.3,4.5,3.3,-17.2,1,5.4,,
539,Raymarine,UK,Electronic equipment (2737),15.69,0.1,140,-4.1,11.2,4.5,3.5,14.9,1,-1.6,,
540,Svenska Handelsbanken,Sweden,Banks (835),15.65,3.6,"2,747",5.0,0.6,1.4,1.5,50.7,11,6.1,,
541,Leica Camera,Germany,Leisure goods (374),15.56,9.8,134,-14.1,11.6,9.7,3.4,-1.0,1,6.8,,
542,"British Energy (now part of Electricite de France, France)",UK,Electricity (753),15.52,15.4,"2,908",-6.3,0.5,7.0,7.5,18.0,6,3.1,,
542,Basware,Finland,Software (9537),15.52,17.8,86,17.5,18.0,0.8,0.9,10.0,1,18.8,,
544,LISI,France,Aerospace & defence (271),15.50,3.3,844,3.5,1.8,7.5,5.2,11.2,7,8.5,,
545,Clipper Windpower,UK,Electricity (753),15.49,113.7,530,"2,989.5",2.9,2.8,70.1,-46.5,1,51.5,,
546,Tecnomen (now Tecnomen Lifetree),Finland,Telecommunications equipment (9578),15.45,12.9,77,10.1,20.0,1.4,1.5,14.9,0,0.8,,
547,Britannia Building Society,UK,Other financials (877),15.41,-7.4,389,0.7,4.0,4.5,7.3,18.4,5,2.7,,
548,Intec Telecom Systems,UK,Software (9537),15.39,-2.5,140,9.1,11.0,1.4,2.1,8.8,2,1.2,,
549,Geox,Italy,Personal goods (376),15.27,7.5,893,15.9,1.7,6.1,3.6,19.1,4,12.4,,
550,De La Rue,UK,Support services (279),15.21,-35.5,645,-17.2,2.4,4.6,3.2,18.3,4,-36.9,,
551,Nutreco,The Netherlands,Food producers (357),15.10,-15.2,"4,943",22.0,0.3,1.7,1.9,3.7,9,19.1,,
552,Franz Haniel & Cie,Germany,Food & drug retailers (533),15.00,-21.1,"27,329",-6.3,0.1,1.2,1.4,2.8,57,1.3,,
552,Provimi,France,Food producers (357),15.00,0.0,"2,074",13.8,0.7,2.4,2.1,3.7,9,-0.9,,
552,Kesa Electricals,UK,General retailers (537),15.00,6.0,"5,125",0.9,0.3,2.0,2.1,-1.2,27,-1.1,,
552,SkyePharma,UK,Pharmaceuticals (4577),15.00,-51.2,64,46.7,23.3,7.7,8.5,-28.3,0,0.3,,
556,DiaSorin,Italy,Biotechnology (4573),14.97,8.0,245,20.9,6.1,5.9,5.9,28.8,1,15.4,,
557,Muhlbauer,Germany,Semiconductors (9576),14.94,-21.0,173,8.5,8.7,7.3,3.6,14.0,2,7.7,,
558,Faiveley,France,Commercial vehicles & trucks (2753),14.89,6.7,693,12.0,2.1,1.9,2.2,12.8,4,10.2,,
559,Carraro,Italy,Automobiles & parts (335),14.81,-3.3,973,19.6,1.5,5.4,5.2,3.8,4,4.2,,
559,Telekomunikacja Polska,Poland,Fixed line telecommunications (653),14.81,1.6,"4,411",-0.4,0.3,11.7,16.4,17.6,29,-7.3,,
561,Karo Bio,Sweden,Biotechnology (4573),14.78,-8.5,1,40.6,"1,523.7",57.7,31.9,"-1,796.9",0,-11.3,,
562,Otto,Germany,General retailers (537),14.75,-58.5,"11,584",-20.1,0.1,2.3,1.8,1.5,51,-5.5,,
563,Eniro,Sweden,Media (555),14.74,-15.6,605,-1.0,2.4,0.9,0.7,6.2,5,3.5,,
564,Constantia Packaging,Austria,General industrials (272),14.63,60.2,"2,081",32.9,0.7,5.9,6.4,8.5,8,-1.4,,
565,Liberata  ,UK,Support services (279),14.61,175.7,194,-9.4,7.5,13.7,4.1,-25.9,3,-2.8,,
566,Chicago Bridge & Iron Company  ,The Netherlands,Industrial machinery (2757),14.48,265.7,"4,277",36.2,0.3,2.1,2.0,0.9,19,10.7,,
567,Enrichment Technology,UK,Industrial machinery (2757),14.46,7.0,347,83.7,4.2,25.9,27.0,8.5,2,32.0,,
568,Rational,Germany,Household goods & home construction (372),14.45,22.9,343,1.9,4.2,9.2,4.0,24.2,1,13.0,,
569,Vernalis,UK,Biotechnology (4573),14.43,-23.4,58,126.8,24.9,0.4,2.5,15.6,0,-49.1,,
570,ESI,France,Software (9537),14.42,-6.4,70,1.9,20.6,2.0,1.9,7.7,1,3.1,,
571,Vanderlande Industries BV  ,The Netherlands,Industrial machinery (2757),14.39,14.2,611,23.2,2.4,1.3,1.6,8.7,2,13.8,,
572,CMC Markets,UK,Other financials (877),14.38,65.5,188,64.2,7.7,5.9,8.9,30.6,1,73.8,,
573,Tessenderlo,Belgium,Chemicals (135),14.30,-47.0,"2,765",14.9,0.5,3.4,4.1,7.6,8,-2.8,,
573,IDS Scheer,Germany,Software (9537),14.30,10.3,399,1.4,3.6,0.8,1.1,3.3,3,5.9,,
575,Kapsch TrafficCom,Austria,Support services (279),14.21,47.9,200,7.8,7.1,8.7,1.9,13.3,1,13.5,,
576,Schouw,Denmark,General industrials (272),14.20,13.9,"1,371",21.2,1.0,3.3,3.7,1.2,4,-2.0,,
577,Domino Printing Sciences,UK,Electronic equipment (2737),14.19,21.1,262,9.4,5.4,1.9,1.6,10.0,2,7.2,,
578,Pharmexa (now Affitech),Denmark,Biotechnology (4573),14.17,-12.9,1,-48.6,"1,889.3",1.3,12.3,"-3,614.7",0,-27.5,,
579,Psion,UK,Computer hardware (9572),14.16,7.2,206,-0.2,6.9,2.1,2.2,-4.8,1,-1.5,,
580,Lansforsakringar,Sweden,Banks (835),14.13,-2.5,288,-61.1,4.9,1.2,0.8,-107.4,1,3.8,,
581,EYBL International,Austria,Automobiles & parts (335),14.01,-10.7,294,-11.6,4.8,1.1,1.6,-12.2,4,-3.7,,
582,WMF,Germany,Household goods & home construction (372),13.94,8.9,796,4.5,1.8,2.9,3.0,5.1,6,2.5,,
583,Sperian Protection,France,General industrials (272),13.90,-4.8,751,-0.5,1.9,3.2,2.1,11.8,6,1.5,,
584,Comptel,Finland,Software (9537),13.87,36.7,85,3.0,16.3,1.6,1.8,13.6,1,9.2,,
585,Brembo,Italy,Automobiles & parts (335),13.75,10.0,"1,061",16.3,1.3,6.5,6.8,6.3,6,19.3,,
586,Isagro,Italy,Chemicals (135),13.74,10.8,213,9.6,6.4,1.4,2.6,7.3,1,-2.3,,
587,Expro International,UK,"Oil equipment, services & distribution (57)",13.72,145.0,631,17.5,2.2,6.6,11.6,14.2,4,13.5,,
588,OMV,Austria,Oil & gas producers (53),13.64,-11.8,"25,543",27.4,0.1,12.1,13.8,9.5,41,10.3,,
589,RM,UK,Software (9537),13.63,-11.5,299,6.9,4.6,3.6,2.8,4.6,2,6.4,,
590,Intralot,Greece,Travel & leisure (575),13.58,-8.0,"1,077",28.9,1.3,9.7,3.4,12.8,5,16.0,,
591,Enea,Sweden,Software (9537),13.52,27.7,83,11.8,16.2,1.9,0.8,8.0,1,32.9,,
592,Metris,Belgium,Electronic equipment (2737),13.45,48.5,87,-5.9,15.4,8.0,6.8,-12.8,1,-18.6,,
593,Hansen Transmissions International,Belgium,Industrial machinery (2757),13.32,33.5,609,44.5,2.2,36.4,40.2,9.2,2,29.7,,
594,TKH,The Netherlands,Electrical components & equipment (2733),13.18,37.6,965,17.9,1.4,3.4,3.6,7.5,4,8.5,,
595,Beta Systems Software,Germany,Software (9537),13.15,14.8,90,2.1,14.5,0.7,2.0,7.1,1,1.9,,
596,HKScan,Finland,Food producers (357),13.10,-16.0,"2,295",8.9,0.6,3.5,6.2,1.6,7,-5.3,,
597,BioAlliance Pharma,France,Health care equipment & services (453),13.07,10.1,8,131.4,160.0,30.2,21.5,-283.8,0,29.6,,
598,Tarkett  ,France,Construction & materials (235),13.00,-14.5,"2,069",-0.9,0.6,5.5,,1.9,9,-3.2,,
599,Vitec,UK,Industrial machinery (2757),12.93,20.2,349,23.3,3.7,4.9,6.3,7.9,2,8.1,,
600,Carlsberg,Denmark,Beverages (353),12.90,-11.1,"8,054",34.0,0.2,10.0,12.2,9.4,46,36.2,,
600,Amsterdam Molecular Therapeutics,The Netherlands,Biotechnology (4573),12.90,31.6,0,,,,,,0,55.2,,
602,CNP,Belgium,Other financials (877),12.89,-3.1,"15,478",19.4,0.1,1.5,2.0,-2.7,17,-1.1,,
603,Fives  ,France,Industrial machinery (2757),12.81,8.2,"1,137",11.0,1.1,1.7,0.9,4.8,5,9.7,,
604,Newron Pharmaceuticals,Italy,Biotechnology (4573),12.72,57.2,3,-34.3,481.8,9.5,8.2,-703.0,0,26.3,,
604,Radiall,France,Telecommunications equipment (9578),12.72,-2.9,200,-5.2,6.3,7.6,5.2,8.3,2,7.3,,
606,Chroma Therapeutics,UK,Biotechnology (4573),12.68,47.6,0,,"21,133.3",250.0,,"-24,216.7",0,12.5,,
607,MBDA,UK,Aerospace & defence (271),12.62,90.6,738,-9.6,1.7,2.5,1.5,4.4,3,-7.2,,
608,Anite,UK,Computer services (9533),12.52,-30.2,123,-24.4,10.2,3.2,2.4,8.3,1,-34.1,,
609,Nokian Tyres,Finland,Automobiles & parts (335),12.50,8.7,"1,081",5.5,1.2,13.8,10.7,22.8,4,10.1,,
609,AGRANA,Austria,Food producers (357),12.50,18.6,"2,026",7.1,0.6,3.3,10.2,1.5,8,1.3,,
611,Intrum Justitia,Sweden,Other financials (877),12.42,53.1,335,14.0,3.7,1.0,1.6,15.5,3,7.3,,
612,Tekla,Finland,Software (9537),12.34,66.8,59,19.0,20.8,2.0,2.0,29.5,0,13.3,,
613,Palfinger,Austria,Industrial machinery (2757),12.33,-10.0,795,14.3,1.6,5.9,8.8,9.2,5,19.9,,
614,Arques Industries,Germany,Other financials (877),12.25,312.5,"5,505",161.9,0.2,1.3,1.8,-2.7,12,101.9,,
614,P&i Personal & Informatik,Germany,Software (9537),12.25,7.2,59,-0.7,20.8,1.1,0.9,22.2,0,7.0,,
616,SSL International,UK,Personal goods (376),12.21,15.7,665,20.3,1.8,4.3,1.4,14.0,5,-1.4,,
617,Plastic Logic,UK,Electrical components & equipment (2733),12.11,89.2,0,-100.0,,,528.6,,0,37.9,,
618,QinetiQ,UK,Aerospace & defence (271),12.10,-17.6,"1,673",18.4,0.7,1.8,1.7,8.1,14,1.9,,
618,Channel Four Television,UK,Media (555),12.10,-6.4,937,-4.1,1.3,0.4,1.1,-0.4,1,-6.2,,
620,SUSS MicroTec,Germany,Semiconductors (9576),12.06,-13.7,149,2.6,8.1,1.2,1.7,-7.5,1,-7.2,,
621,OP-Pohjola,Finland,Banks (835),12.00,-20.0,"1,656",-22.4,0.7,7.2,4.5,22.4,13,2.3,,
621,SNPE  ,France,Chemicals (135),12.00,-16.7,640,-7.6,1.9,4.4,6.1,4.8,4,1.8,,
621,Sequana,France,Forestry & paper (173),12.00,0.0,"5,150",20.0,0.2,1.0,2.2,1.7,16,9.7,,
621,"Corporate Express (now part of Staples, USA)",The Netherlands,Support services (279),12.00,-52.0,"6,233",-1.2,0.2,0.7,0.5,3.3,18,-3.4,,
625,CeWe Color,Germany,General retailers (537),11.93,51.8,420,1.6,2.8,6.4,7.4,3.1,3,-6.5,,
626,Glaston,Finland,Industrial machinery (2757),11.85,60.1,270,0.2,4.4,4.2,2.9,-1.9,2,12.5,,
627,Medivir,Sweden,Pharmaceuticals (4577),11.71,217.3,9,-59.1,126.2,9.7,5.2,-111.5,0,3.1,,
628,DekaBank,Germany,Banks (835),11.70,58.1,"1,055",-13.5,1.1,1.3,0.3,-4.7,4,8.6,,
628,Dynaction,France,Chemicals (135),11.70,-6.4,168,-9.1,6.9,7.2,6.7,2.2,1,-2.4,,
628,D'Ieteren,Belgium,General retailers (537),11.70,30.0,"6,147",2.2,0.2,13.3,15.9,1.6,28,9.5,,
631,G4S,UK,Support services (279),11.69,101.9,"6,372",29.0,0.2,2.7,2.9,5.0,562,10.7,,
632,EL EN,Italy,Electronic equipment (2737),11.67,5.0,221,14.5,5.3,5.5,5.2,8.9,1,16.8,,
633,Biocompatibles International,UK,Health care equipment & services (453),11.63,28.1,18,94.2,63.6,3.3,2.1,-20.1,0,37.1,,
634,Alizyme,UK,Biotechnology (4573),11.61,-64.0,2,"19,100.0",604.7,,"1,900.0",-632.8,0,-5.0,,
635,Ebro Puleva,Spain,Food producers (357),11.58,54.0,"2,917",8.6,0.4,3.7,3.1,7.8,7,-4.7,,
636,Lycos Europe,The Netherlands,Internet (9535),11.52,-45.2,21,-72.8,55.2,3.3,1.8,-285.2,1,-28.1,,
637,Cie Automotive,Spain,Automobiles & parts (335),11.51,115.5,"1,455",13.9,0.8,10.1,7.8,6.4,13,59.9,,
638,Trinity Biotech,Ireland,Health care equipment & services (453),11.49,11.6,101,-2.4,11.4,2.8,6.0,-57.9,1,-5.6,,
638,Oriflame Cosmetics,Luxembourg,Personal goods (376),11.49,14.2,"1,329",19.8,0.9,2.7,3.1,13.4,7,11.4,,
640,AGI Therapeutics,Ireland,Pharmaceuticals (4577),11.47,-12.8,0,7.7,"2,731.0",7.1,7.7,"-3,226.2",0,0.0,,
641,SAF-HOLLAND,Luxembourg,Commercial vehicles & trucks (2753),11.38,14.0,799,-1.7,1.4,2.8,2.5,0.4,3,-6.6,,
641,International Power,UK,Electricity (753),11.38,120.1,"3,952",64.3,0.3,6.7,9.9,30.3,4,5.1,,
641,BG,UK,Oil & gas producers (53),11.38,37.4,"12,998",51.6,0.1,17.5,18.7,43.0,5,9.0,,
644,Linos,Germany,Electronic equipment (2737),11.26,15.5,89,-5.0,12.6,,3.7,1.8,1,3.5,,
645,Ablynx,Belgium,Biotechnology (4573),11.25,42.8,16,77.0,72.3,21.3,22.6,-139.9,0,44.4,,
646,Amper,Spain,Telecommunications equipment (9578),11.11,42.3,359,15.8,3.1,1.1,1.4,7.6,1,9.5,,
647,Zealand Pharma  ,Denmark,Pharmaceuticals (4577),11.10,-19.3,8,-6.1,146.8,6.0,4.0,-79.6,0,-2.9,,
648,Novabase,Portugal,Computer services (9533),11.09,20.4,304,-3.0,3.6,1.4,1.9,2.3,2,3.2,,
649,KMD  ,Denmark,Computer services (9533),11.03,33.7,467,7.6,2.4,4.7,6.7,5.7,3,5.1,,
650,Hoganas,Sweden,Industrial metals & mining (175),11.01,2.5,555,4.5,2.0,6.0,3.1,8.6,2,1.7,,
651,Fortis,Belgium,Banks (835),11.00,-95.1,"6,967",-53.2,0.2,0.8,7.3,-6.8,10,-83.3,,
651,Lufthansa,Germany,Travel & leisure (575),11.00,37.5,"24,870",10.9,0.0,6.9,6.9,4.9,108,7.3,,
653,ProStrakan,UK,Pharmaceuticals (4577),10.97,5.4,58,23.0,18.9,0.5,0.7,-43.3,0,9.7,,
654,Dynea,Finland,Chemicals (135),10.90,0.0,879,-24.0,1.2,2.5,2.0,0.6,2,1.6,,
654,Elisa,Finland,Fixed line telecommunications (653),10.90,45.3,"1,485",-5.3,0.7,10.7,10.9,17.7,3,-10.7,,
656,XCounter,Sweden,Health care equipment & services (453),10.88,116.3,0,,,,,,0,40.6,,
657,4SC,Germany,Biotechnology (4573),10.84,82.5,3,115.2,365.0,27.6,13.8,-431.0,0,25.0,,
658,GW Pharmaceuticals,UK,Pharmaceuticals (4577),10.79,-16.6,12,107.5,88.6,3.8,8.9,-93.4,0,-5.8,,
659,Omnia Network,Italy,Support services (279),10.78,,248,10.9,4.3,1.5,,3.2,6,146.5,,
660,Isra Vision,Germany,Industrial machinery (2757),10.75,0.0,68,33.1,15.7,0.7,1.1,18.9,0,24.0,,
660,Arup  ,UK,Support services (279),10.75,49.7,751,26.8,1.4,4.4,3.0,4.8,9,18.0,,
662,Nedap,The Netherlands,Electronic equipment (2737),10.74,-3.7,143,-2.0,7.5,5.1,6.2,13.3,1,2.7,,
663,Wurth,Germany,General industrials (272),10.70,-33.1,"8,816",3.8,0.1,4.7,5.4,6.5,65,6.1,,
664,Francotyp-Postalia,Germany,Industrial machinery (2757),10.68,-7.3,142,-1.9,7.5,6.0,6.9,-8.8,1,1.6,,
665,SolarWorld,Germany,Alternative energy (58),10.67,49.9,900,28.8,1.2,29.9,16.7,25.9,2,23.7,,
666,Obrascon Huarte Lain,Spain,Construction & materials (235),10.66,,"4,009",6.5,0.3,22.5,22.5,7.8,17,20.3,,
666,Skanditek,Sweden,Other financials (877),10.66,0.2,68,9.4,15.8,1.1,0.2,9.7,0,25.6,,
668,TT electronics,UK,Electrical components & equipment (2733),10.65,8.3,604,0.3,1.8,3.7,5.0,3.7,8,-2.2,,
669,Omega Pharma,Belgium,Pharmaceuticals (4577),10.59,36.3,811,-19.2,1.3,1.5,1.7,12.6,2,8.6,,
670,Infovista,France,Software (9537),10.58,31.4,45,12.6,23.6,1.6,2.1,1.8,0,7.2,,
671,Unibet,Malta,Travel & leisure (575),10.56,39.7,128,62.1,8.3,1.6,8.7,29.7,0,29.6,,
672,Lectra,France,Software (9537),10.55,-25.0,198,-8.5,5.3,1.1,1.9,-0.4,2,-2.1,,
673,Yule Catto,UK,Chemicals (135),10.52,11.9,659,12.7,1.6,3.2,3.2,4.7,2,-5.1,,
673,SpinVox,UK,Mobile telecommunications (657),10.52,133.8,2,217.9,493.9,101.4,189.6,"-1,754.9",0,231.8,,
675,Marzotto,Italy,Personal goods (376),10.50,-2.1,315,4.8,3.3,4.5,4.0,4.6,3,1.4,,
676,Napp Pharmaceutical  ,UK,Pharmaceuticals (4577),10.42,-45.0,181,13.0,5.7,2.8,6.1,13.8,1,1.1,,
677,National Grid,UK,"Gas, water & multiutilities (757)",10.34,-23.1,"16,262",35.2,0.1,20.1,25.9,16.8,28,19.8,,
677,Nationwide,UK,Other financials (877),10.34,117.2,"2,363",0.3,0.4,9.5,9.1,9.3,19,3.4,,
679,MessageLabs,UK,Computer services (9533),10.33,-4.0,97,2.3,10.7,7.9,18.8,-10.2,0,-35.3,,
680,IPTE,Belgium,Industrial machinery (2757),10.30,36.1,231,-9.4,4.5,3.9,2.6,1.6,2,9.0,,
681,Villeroy & Boch,Germany,Construction & materials (235),10.26,-0.7,841,-9.5,1.2,2.8,3.0,2.8,10,10.5,,
682,Hamburger Hafen Und Logistik,Germany,Industrial transportation (277),10.25,-7.0,"1,327",12.4,0.8,16.6,14.5,26.7,5,7.8,,
683,ARC International,UK,Semiconductors (9576),10.21,28.3,18,18.3,57.9,6.9,10.4,-54.6,0,22.2,,
684,Wavin,The Netherlands,Construction & materials (235),10.19,9.1,"1,581",-2.3,0.6,3.5,4.0,5.5,8,7.6,,
685,EVS Broadcast Equipment,Belgium,Electronic equipment (2737),10.16,45.1,111,16.9,9.2,2.6,1.9,59.7,0,20.0,,
686,Morgan Crucible,UK,Electrical components & equipment (2733),10.14,12.7,864,20.5,1.2,4.5,5.2,11.6,11,10.6,,
686,Weir,UK,Industrial machinery (2757),10.14,10.1,"1,418",26.6,0.7,3.8,3.7,12.4,9,12.1,,
688,Glanbia,Ireland,Food producers (357),10.13,8.8,"2,232",1.2,0.5,3.6,2.3,5.2,3,-14.9,,
689,FAES Farma,Spain,Biotechnology (4573),10.12,-8.4,194,4.4,5.2,3.5,2.5,13.2,1,-9.3,,
690,Avanquest Software,France,Software (9537),10.08,11.8,112,51.1,9.0,1.0,1.5,-8.4,1,33.5,,
691,Archimedes Pharma,UK,Pharmaceuticals (4577),10.04,44.5,20,318.9,50.8,1.7,2.8,-63.5,0,7.9,,
692,Paragon,Germany,Automobiles & parts (335),10.02,-11.7,109,-1.8,9.2,6.6,8.9,6.2,1,-1.6,,
692,Axis-Shield,UK,Biotechnology (4573),10.02,71.3,88,27.8,11.4,7.1,7.7,-2.4,1,7.7,,
694,Bioxell  ,Italy,Biotechnology (4573),10.01,1.8,0,-100.0,,,24.0,,0,,,
694,Perstorp,Sweden,Chemicals (135),10.01,19.6,"1,112",42.5,0.9,4.7,6.2,4.4,2,28.6,,
696,Baxi  ,UK,Construction & materials (235),10.00,-2.4,876,-7.9,1.1,2.0,2.1,2.7,5,-8.1,,
696,Mondi,UK,Forestry & paper (173),10.00,11.1,"6,345",1.2,0.2,11.9,6.8,1.1,33,-4.6,,
698,INDUS,Germany,General industrials (272),9.98,-16.8,942,1.3,1.1,4.8,5.1,8.9,6,1.5,,
699,Cardo,Sweden,Construction & materials (235),9.92,-9.9,905,6.9,1.1,1.4,1.9,9.2,6,1.3,,
700,Atria,Finland,Food producers (357),9.91,17.6,"1,357",6.7,0.7,7.2,10.6,2.9,6,3.2,,
700,Xchanging,UK,Support services (279),9.91,118.8,577,19.1,1.7,2.4,1.2,8.4,4,14.4,,
702,MITIE,UK,Support services (279),9.83,43.9,"1,574",8.2,0.6,1.1,1.4,5.1,50,4.4,,
703,Utimaco Safeware,Germany,Software (9537),9.82,-1.4,59,20.0,16.6,1.7,2.4,13.9,0,8.3,,
704,Trevi Finanziaria Industrial,Italy,Construction & materials (235),9.74,25.4,"1,036",26.8,0.9,11.3,6.2,12.4,6,16.4,,
705,Netia,Poland,Fixed line telecommunications (653),9.73,20.4,270,32.7,3.6,18.5,25.0,20.2,0,,,
705,PSI,Germany,Software (9537),9.73,11.8,129,4.6,7.6,1.4,1.2,4.2,1,6.3,,
707,Chemring,UK,Aerospace & defence (271),9.62,16.2,366,37.0,2.6,8.8,5.6,19.3,3,18.4,,
708,"SoftM Software und Beratung (now part of ComArch, Poland)",Germany,Computer services (9533),9.60,41.2,59,-28.4,16.2,1.0,1.3,-7.5,0,-1.3,,
709,Financiere De L'odet,France,Industrial transportation (277),9.50,5.6,"7,326",14.5,0.1,2.9,3.3,-0.1,34,5.8,,
710,Ricardo,UK,Support services (279),9.41,15.2,205,15.3,4.6,5.0,5.0,7.5,2,9.3,,
710,Vislink,UK,Telecommunications equipment (9578),9.41,19.7,105,2.5,9.0,2.3,1.8,0.9,1,12.4,,
712,De Beers,UK,General retailers (537),9.34,-18.4,"4,153",-1.7,0.2,0.3,0.3,0.9,1,-5.8,,
713,Intercytex,UK,Biotechnology (4573),9.32,-6.3,0,-83.3,"46,600.0",950.0,483.3,"-64,300.0",0,6.8,,
714,Lucite International  ,UK,Chemicals (135),9.31,0.0,878,3.3,1.1,11.9,7.9,5.8,2,-4.6,,
715,Ratos,Sweden,Other financials (877),9.28,325.7,"2,442",26.7,0.4,2.7,3.1,4.4,16,8.8,,
715,Cision,Sweden,Support services (279),9.28,-20.3,162,-4.2,5.7,2.5,1.6,-9.7,3,-5.2,,
717,Tipp24,Germany,Travel & leisure (575),9.23,129.6,336,-3.1,2.7,0.4,0.5,2.6,0,61.0,,
718,TiGenix,Belgium,Biotechnology (4573),9.22,19.4,0,-100.0,,,"1,063.6",,0,20.0,,
718,WaveLight,Germany,Health care equipment & services (453),9.22,6.8,97,10.5,9.5,2.6,0.8,5.0,0,-33.6,,
718,Aldata Solution,Finland,Software (9537),9.22,-40.4,70,-6.3,13.2,1.1,1.3,5.1,1,-13.6,,
721,Wirecard,Germany,Support services (279),9.21,24.5,197,46.7,4.7,0.2,0.5,24.9,0,-3.7,,
722,Head,The Netherlands,Leisure goods (374),9.20,-12.4,326,1.6,2.8,4.4,4.3,0.6,2,6.3,,
723,bwin Interactive Entertainment,Austria,Travel & leisure (575),9.17,115.8,332,18.5,2.8,3.9,4.7,-4.4,1,27.6,,
724,centrotherm photovoltaics,Germany,Electronic equipment (2737),9.13,166.2,375,125.4,2.4,8.1,2.6,11.1,1,300.8,,
725,Delcam,UK,Software (9537),9.09,12.2,34,10.7,26.7,1.6,5.7,5.0,1,12.4,,
726,MVV Energie,Germany,"Gas, water & multiutilities (757)",9.00,0.0,"2,636",16.7,0.3,7.2,6.4,12.4,6,-2.8,,
726,Auchan,France,General retailers (537),9.00,-25.0,"39,484",7.1,0.0,4.1,4.0,3.3,209,12.1,,
728,Hermle Berthold,Germany,Industrial machinery (2757),8.97,0.8,278,14.5,3.2,,4.6,24.8,1,6.0,,
729,Magix,Germany,Software (9537),8.90,-19.2,32,-1.7,27.7,1.3,2.4,6.5,0,-3.8,,
730,Plethora Solutions,UK,Pharmaceuticals (4577),8.86,4.5,7,23.5,120.4,,2.2,-196.1,0,-71.1,,
731,Prayon,Belgium,Chemicals (135),8.83,26.1,879,45.3,1.0,4.5,4.7,10.6,1,1.9,,
731,NIBE Industrier,Sweden,Household goods & home construction (372),8.83,-3.8,529,7.6,1.7,4.1,5.5,10.2,5,-3.0,,
733,Heraeus,Germany,Industrial metals & mining (175),8.80,-12.0,"15,914",30.5,0.1,,0.9,1.7,13,8.8,,
734,Telit Communications,UK,Telecommunications equipment (9578),8.78,1.4,60,-20.1,14.5,2.9,1.7,-3.8,0,14.1,,
735,Orc Software,Sweden,Software (9537),8.77,25.8,51,6.7,17.1,3.1,3.8,16.5,0,4.6,,
736,Amarin,UK,Biotechnology (4573),8.71,-26.4,0,-100.0,,,50.0,,0,38.9,,
737,Royal Cosun  ,The Netherlands,Food producers (357),8.70,16.0,"1,689",-1.4,0.5,3.9,5.8,5.1,4,-1.6,,
737,Royal Ten Cate,The Netherlands,General industrials (272),8.70,2.4,"1,033",16.4,0.8,4.5,6.9,7.3,4,10.4,,
737,Natuzzi  ,Italy,Household goods & home construction (372),8.70,-13.9,666,5.0,1.3,1.8,3.4,-7.4,8,-7.9,,
737,JC Decaux,France,Media (555),8.70,-17.9,"2,169",2.9,0.4,12.7,13.3,10.1,9,5.4,,
741,Lafuma,France,Personal goods (376),8.64,35.6,262,4.6,3.3,3.6,3.8,1.7,2,9.0,,
742,Austria Technologie & Systemtechnik,Austria,Electrical components & equipment (2733),8.59,-0.7,450,-7.4,1.9,10.8,22.8,-0.4,6,0.7,,
742,N Brown,UK,General retailers (537),8.59,24.0,685,6.9,1.3,1.6,1.4,14.4,3,2.3,,
742,NEOVIA Financial,UK,Other financials (877),8.59,107.5,55,-9.6,15.7,3.4,28.7,-12.9,0,,,
745,Montupet,France,Automobiles & parts (335),8.52,23.5,467,-4.5,1.8,8.1,13.0,-5.3,3,0.8,,
746,GERRY WEBER International,Germany,Personal goods (376),8.49,-10.9,570,12.4,1.5,2.5,2.4,10.9,2,12.0,,
747,Elexis,Germany,Industrial machinery (2757),8.43,2.8,171,5.8,4.9,3.2,4.2,14.3,1,6.3,,
748,Fiskars,Finland,Household goods & home construction (372),8.40,13.5,697,5.9,1.2,3.7,2.8,10.1,4,30.1,,
749,Oncomethylome Sciences,Belgium,Biotechnology (4573),8.38,0.7,1,66.7,598.6,16.4,85.7,-925.0,0,14.0,,
750,Etex,Belgium,Construction & materials (235),8.33,-4.6,"2,081",-2.3,0.4,10.7,8.9,8.9,15,1.5,,
751,Espirito Santo Financial,Luxembourg,Banks (835),8.32,35.7,"2,666",0.8,0.3,7.5,7.2,16.2,13,7.0,,
751,SDL,UK,Software (9537),8.32,49.6,164,35.2,5.1,1.5,1.2,12.0,2,12.3,,
753,Northern Foods,UK,Food producers (357),8.28,-15.8,"1,009",4.6,0.8,3.1,2.1,1.6,10,-8.1,,
754,VTI Technologies,Finland,Electronic equipment (2737),8.25,-4.2,68,-8.0,12.2,,,-4.5,1,6.4,,
755,Interpump,Italy,Industrial machinery (2757),8.18,375.6,425,-1.8,1.9,3.8,2.7,17.2,2,8.2,,
755,TELES,Germany,Internet (9535),8.18,37.7,24,-10.3,33.6,4.3,5.2,-58.9,0,-9.6,,
757,Quantel Holdings  ,UK,Electronic equipment (2737),8.12,2.5,46,8.5,17.8,1.6,0.7,3.4,0,-3.0,,
758,Beijer Electronics,Sweden,Electronic equipment (2737),8.10,108.2,116,32.4,7.0,1.2,1.0,9.0,1,28.3,,
759,SYGNIS Pharma,Germany,Biotechnology (4573),8.08,52.7,0,-23.1,"2,020.0",55.0,101.9,"-2,772.5",0,9.3,,
759,Jetter,Germany,Industrial machinery (2757),8.08,26.6,40,-2.0,20.1,4.5,9.5,2.7,0,8.2,,
761,Biotie Therapies,Finland,Biotechnology (4573),8.05,-0.9,5,-35.1,156.9,2.3,3.7,-105.1,0,16.7,,
762,Techem,Germany,Support services (279),8.04,-2.0,641,14.5,1.3,10.3,13.4,17.2,3,5.2,,
763,Swedish Match,Sweden,Tobacco (378),8.01,7.4,"1,197",4.9,0.7,2.5,3.7,22.9,12,-1.7,,
764,Basler,Germany,Electrical components & equipment (2733),8.00,15.4,57,9.6,14.2,1.5,2.9,6.0,0,-0.6,,
765,Avecia Holdings,UK,Biotechnology (4573),7.97,-25.2,68,-16.4,11.7,7.9,5.3,-22.3,1,1.7,,
765,Fugro,The Netherlands,"Oil equipment, services & distribution (57)",7.97,-7.9,"2,154",19.5,0.4,7.5,18.4,17.8,13,19.9,,
767,R Stahl,Germany,Electrical components & equipment (2733),7.94,0.3,221,4.5,3.6,4.2,4.2,9.7,1,7.2,,
768,Hoeft & Wessel,Germany,Industrial machinery (2757),7.85,13.1,98,-1.6,8.0,1.6,1.6,-4.0,1,0.0,,
769,Eurand  ,The Netherlands,Pharmaceuticals (4577),7.84,11.4,99,16.2,8.0,8.0,4.8,15.1,1,6.8,,
770,Innovation,UK,Software (9537),7.80,140.0,145,26.6,5.4,2.5,3.6,-2.6,2,13.3,,
771,Lombard Medical Technologies,UK,Health care equipment & services (453),7.79,18.2,2,94.2,385.6,10.9,13.5,-631.2,0,5.2,,
771,Fabasoft,Austria,Software (9537),7.79,5.7,20,-7.4,38.9,8.4,7.0,-12.4,0,-0.5,,
773,Norkom,Ireland,Software (9537),7.78,10.0,48,17.0,16.2,2.5,2.3,6.4,0,25.6,,
774,Aero Inventory,UK,Aerospace & defence (271),7.77,,317,78.1,2.5,0.7,,21.2,0,61.4,,
775,Munters,Sweden,Industrial machinery (2757),7.73,23.1,598,4.9,1.3,2.3,3.0,5.5,4,0.5,,
776,Wolford,Austria,Personal goods (376),7.69,-5.5,147,-6.5,5.2,7.5,3.8,0.9,2,-1.0,,
777,Senior,UK,Aerospace & defence (271),7.66,1.5,582,19.5,1.3,4.2,4.0,10.6,6,2.4,,
777,BSS,UK,Support services (279),7.66,15.7,"1,387",4.0,0.6,0.6,0.7,4.8,5,2.9,,
779,Portland Gas,UK,"Oil equipment, services & distribution (57)",7.65,,0,,,,,,0,,,
780,Gunnebo,Sweden,General retailers (537),7.64,-9.7,628,-1.7,1.2,1.4,1.3,4.1,6,-3.9,,
781,Mensch und Maschine Software,Germany,Software (9537),7.62,6.7,223,4.8,3.4,0.4,0.3,3.1,0,18.7,,
782,Anoto,Sweden,Computer hardware (9572),7.61,38.1,17,7.9,45.9,3.0,1.4,20.3,0,23.3,,
783,Gentium  ,Italy,Biotechnology (4573),7.60,-39.7,7,46.2,102.2,5.9,56.8,-283.9,0,-7.5,,
784,OctoPlus,The Netherlands,Biotechnology (4573),7.53,-29.3,17,243.6,44.6,69.4,102.2,-25.3,0,-7.1,,
785,Nexus,Germany,Software (9537),7.52,96.3,35,17.2,21.6,1.2,2.3,3.8,0,12.6,,
786,Efore,Finland,Electronic equipment (2737),7.51,29.3,78,-2.3,9.6,1.6,3.8,1.9,1,-16.8,,
787,Centrotec Sustainable,Germany,Chemicals (135),7.46,22.3,476,17.1,1.6,2.9,2.4,7.1,3,6.5,,
788,Wagon,UK,Automobiles & parts (335),7.45,-49.3,739,0.7,1.0,3.4,7.6,2.2,6,-14.2,,
789,Telegraaf Media Groep,The Netherlands,Media (555),7.41,3.5,722,-2.3,1.0,1.1,1.4,-27.4,3,-9.9,,
790,Ponsse,Finland,Commercial vehicles & trucks (2753),7.40,27.4,293,-5.5,2.5,4.0,3.2,4.4,1,19.2,,
791,Fiberweb,UK,Support services (279),7.34,-4.2,530,1.5,1.4,6.7,6.5,-5.4,2,-11.2,,
792,Cohort,UK,Aerospace & defence (271),7.32,28.9,81,37.6,9.0,0.6,0.9,8.5,1,37.5,,
793,KWH  ,Finland,General industrials (272),7.30,9.0,588,6.5,1.2,,,4.7,3,2.2,,
794,Cofide,Italy,General industrials (272),7.28,12.5,"4,215",1.9,0.2,8.4,4.8,8.6,12,9.8,,
795,Larox,Finland,Industrial machinery (2757),7.25,-2.3,208,31.4,3.5,0.6,0.7,8.1,1,22.7,,
796,Urenco,UK,Electricity (753),7.20,7.5,"1,130",10.3,0.6,74.7,51.4,40.8,3,25.2,,
797,Amtel-Vredestein,The Netherlands,Automobiles & parts (335),7.19,11.0,715,21.7,1.0,13.6,7.1,-14.3,10,-15.9,,
798,Leifheit,Germany,Household goods & home construction (372),7.17,7.2,280,1.3,2.6,1.8,2.7,1.7,2,8.3,,
799,Kingspan,Ireland,Construction & materials (235),7.10,-5.1,"1,673",-10.2,0.4,6.2,7.9,4.9,7,2.8,,
800,StatPro,UK,Software (9537),7.08,5.8,29,15.8,24.6,4.3,5.1,10.0,0,3.3,,
800,Velti,UK,Software (9537),7.08,100.6,52,164.0,13.5,3.0,3.1,14.1,0,95.8,,
802,Martin-Baker (Engineering)  ,UK,Aerospace & defence (271),7.02,-19.3,131,8.3,5.4,1.1,1.5,17.6,1,2.9,,
803,Sodra  ,Sweden,Forestry & paper (173),7.01,54.1,"1,532",-0.7,0.5,7.1,5.7,4.4,4,2.1,,
804,Sondagsavisen,Denmark,Media (555),7.00,24.6,205,-12.1,3.4,3.7,10.2,-6.3,1,-4.4,,
804,Txt E-Solutions,Italy,Software (9537),7.00,-6.3,53,-4.5,13.2,1.4,1.2,-2.2,1,5.5,,
804,Filtronic,UK,Telecommunications equipment (9578),7.00,-56.7,87,-35.8,8.0,2.7,12.6,-30.1,1,-64.3,,
807,Silence Therapeutics,UK,Biotechnology (4573),6.94,38.5,2,-45.3,303.1,6.1,7.6,-352.0,0,10.9,,
807,Tanfield,UK,Support services (279),6.94,139.3,151,18.2,4.6,0.7,2.5,-61.4,1,1.3,,
809,Automotive Components Europe,Luxembourg,Automobiles & parts (335),6.93,,94,9.9,7.3,6.2,3.4,6.1,1,30.7,,
810,Kewill,UK,Software (9537),6.92,13.1,55,4.8,12.6,3.0,2.4,3.7,1,-2.0,,
811,Photo-Me,UK,Leisure goods (374),6.90,-11.0,233,6.9,3.0,6.0,12.0,-4.1,1,-5.0,,
812,Epigenomics,Germany,Biotechnology (4573),6.89,-20.3,3,0.8,266.0,6.6,-1.9,-496.5,0,-19.8,,
812,Manutan International,France,Support services (279),6.89,-7.1,502,11.9,1.4,3.1,1.1,10.1,1,12.4,,
814,METabolic EXplorer,France,Chemicals (135),6.87,64.7,3,15.4,213.4,45.3,130.8,-77.0,0,38.2,,
815,Update Software,Austria,Software (9537),6.82,15.2,37,13.0,18.6,1.4,,11.7,0,3.3,,
816,Rosenbauer International,Austria,Commercial vehicles & trucks (2753),6.80,-3.4,500,17.4,1.4,2.4,1.6,7.3,2,8.1,,
816,Pfeiffer Vacuum Technology,Germany,Industrial machinery (2757),6.80,-5.4,198,3.1,3.4,5.2,3.4,26.0,1,5.0,,
816,Ubiquisys  ,UK,Telecommunications equipment (9578),6.80,66.3,0,,"22,666.7","2,066.7",,"-35,400.0",0,241.7,,
819,ExonHit Therapeutics  ,France,Biotechnology (4573),6.79,32.9,5,-3.5,131.1,6.2,1.1,-133.8,0,11.6,,
820,Augusta Technologie,Germany,Electrical components & equipment (2733),6.78,26.7,127,6.5,5.3,2.2,3.9,14.7,1,18.7,,
820,Cerep,France,Pharmaceuticals (4577),6.78,18.1,32,-34.5,20.9,4.0,3.7,-4.2,0,-7.9,,
822,Spirax-Sarco Engineering,UK,Industrial machinery (2757),6.75,4.0,520,20.4,1.3,5.4,3.4,16.6,4,6.0,,
823,Oxagen  ,UK,Biotechnology (4573),6.74,11.6,0,,,,,,0,0.0,,
823,Greencore,Ireland,Food producers (357),6.74,-19.4,"1,308",3.2,0.5,3.6,3.6,4.9,8,3.6,,
825,Zetex (now Diodes Zetex),UK,Semiconductors (9576),6.72,27.3,67,-3.8,10.1,3.2,1.9,8.0,1,-4.7,,
825,Global Graphics,France,Software (9537),6.72,-12.0,11,-31.8,60.2,2.1,2.3,-0.8,0,-6.3,,
827,Transitive  ,UK,Software (9537),6.71,15.5,3,-37.0,264.2,16.9,9.4,-311.0,0,9.8,,
828,Transcom Worldwide,Luxembourg,Support services (279),6.70,346.7,632,5.4,1.1,1.6,3.3,4.2,21,21.2,,
829,Affibody,Sweden,Biotechnology (4573),6.69,14.8,2,69.7,272.0,15.9,13.1,-301.6,0,4.3,,
830,ClearSpeed Technology,UK,Semiconductors (9576),6.65,5.7,1,-36.8,523.6,37.8,36.8,"-1,264.6",0,30.2,,
831,Chloride,UK,Electrical components & equipment (2733),6.63,27.7,338,22.1,2.0,1.5,1.5,13.0,2,38.6,,
832,Boiron,France,Pharmaceuticals (4577),6.54,14.5,467,7.5,1.4,4.9,4.1,11.9,4,0.6,,
833,Maconomy,Denmark,Software (9537),6.53,23.2,31,3.6,21.0,1.3,1.8,0.5,0,3.7,,
834,Archos,France,Leisure goods (374),6.52,-26.0,74,-27.4,8.8,1.3,0.3,-34.9,0,-21.5,,
835,Rocla,Finland,Commercial vehicles & trucks (2753),6.50,44.4,127,1.8,5.1,15.2,7.7,1.6,1,19.6,,
836,Cast,France,Software (9537),6.49,-1.1,30,-1.7,21.6,0.5,0.3,5.5,0,3.4,,
837,Manz Automation,Germany,Industrial machinery (2757),6.47,166.3,237,231.9,2.7,2.0,3.0,12.0,1,461.6,,
838,Sagentia,UK,Support services (279),6.44,2.4,30,26.6,21.4,2.6,0.9,-4.8,0,5.2,,
839,Provident Financial,UK,Other financials (877),6.41,,777,-19.9,0.8,1.1,2.2,17.2,3,-52.0,,
839,Minster Pharmaceuticals,UK,Pharmaceuticals (4577),6.41,43.1,0,,,,,,0,0.0,,
841,Gothaer Allgemeine Versicherung,Germany,Nonlife insurance (853),6.40,-31.9,"1,546",25.5,0.4,1.1,0.7,13.6,3,-0.2,,
842,Net Insight,Sweden,Telecommunications equipment (9578),6.39,12.1,25,19.9,25.6,4.6,3.9,13.8,0,8.6,,
843,Skanska,Sweden,Construction & materials (235),6.37,-6.6,"13,071",3.5,0.0,1.5,1.4,1.5,58,-4.3,,
844,Bavarian Nordic,Denmark,Biotechnology (4573),6.32,,28,-37.1,22.5,6.0,1.9,-100.3,0,5.5,,
845,Innovia Films  ,UK,Chemicals (135),6.27,-1.4,364,2.0,1.7,3.5,3.4,7.3,1,0.6,,
846,PV Crystalox Solar,UK,Electrical components & equipment (2733),6.25,43.7,284,4.0,2.2,29.3,9.9,51.8,0,19.5,,
847,"Genesys (now part of West, USA)",France,Fixed line telecommunications (653),6.24,-12.0,148,4.8,4.2,1.6,5.1,11.9,1,-5.9,,
848,Nanogate,Germany,Chemicals (135),6.22,100.0,12,16.8,51.2,24.2,12.8,3.0,0,17.2,,
848,GFI Informatique,France,Computer services (9533),6.22,2.0,689,8.8,0.9,0.6,0.6,3.9,8,6.3,,
850,BioDiesel International,Austria,Industrial machinery (2757),6.21,34.4,62,-20.0,10.1,0.4,0.3,4.7,0,35.1,,
850,PricewaterhouseCoopers,UK,Support services (279),6.21,200.0,"2,321",6.5,0.3,0.8,1.3,29.1,15,2.7,,
852,Langley,UK,Industrial machinery (2757),6.17,7.1,513,3.8,1.2,1.0,1.0,12.8,2,0.0,,
853,Dantherm,Denmark,Industrial machinery (2757),6.12,3.7,271,-31.7,2.3,2.5,1.2,0.3,2,-28.4,,
854,McBride,UK,Household goods & home construction (372),6.10,13.4,725,18.4,0.8,3.7,3.3,3.1,5,9.1,,
854,COR,Germany,Software (9537),6.10,32.6,59,42.4,10.4,1.8,1.7,11.2,0,32.8,,
856,Spyker Cars,The Netherlands,Automobiles & parts (335),6.08,-14.8,8,-82.6,77.5,6.9,7.2,-278.2,0,-20.5,,
856,Kaessbohrer Gelaendefahrzeug,Germany,Industrial machinery (2757),6.08,-1.9,176,-4.2,3.5,,,8.3,0,4.0,,
858,JCB Compact Products  ,UK,Commercial vehicles & trucks (2753),6.07,-29.4,269,17.4,2.3,1.4,3.0,-0.3,1,7.7,,
859,Stratec Biomedical System,Germany,Health care equipment & services (453),6.03,-4.1,61,-9.7,9.9,2.3,2.3,18.2,0,17.0,,
860,Astex Therapeutics,UK,Biotechnology (4573),6.01,-50.2,8,39.4,73.2,1.2,11.4,-114.9,0,-17.3,,
861,ClinPhone (now part of Parexel International),UK,Health care equipment & services (453),6.00,115.8,49,9.8,12.3,3.2,5.5,-3.3,1,17.3,,
861,CEAG (now FRIWO),Germany,Telecommunications equipment (9578),6.00,-6.3,315,-10.4,1.9,2.1,3.7,3.9,18,-14.0,,
861,Sodexo,France,Travel & leisure (575),6.00,0.0,"13,611",1.7,0.0,1.3,1.4,5.1,355,3.7,,
864,CAF,Spain,Commercial vehicles & trucks (2753),5.99,648.8,"1,005",14.9,0.6,5.2,3.6,10.0,5,10.1,,
865,Bene,Austria,Household goods & home construction (372),5.95,39.0,265,5.1,2.2,6.1,5.5,4.2,1,2.1,,
865,Summit,UK,Pharmaceuticals (4577),5.95,-31.6,2,-39.6,314.8,44.4,68.4,"-1,337.6",0,5.2,,
867,Elica,Italy,Household goods & home construction (372),5.94,-17.5,385,-11.3,1.5,3.5,3.4,0.3,2,4.9,,
868,AMG Advanced Metallurgical,The Netherlands,Industrial metals & mining (175),5.93,33.3,"1,092",31.3,0.5,10.4,4.9,3.9,0,,,
869,Deutsche Steinzeug,Germany,Construction & materials (235),5.90,10.7,232,-4.6,2.5,1.9,4.4,-3.8,2,-4.4,,
870,TradeDoubler,Sweden,Internet (9535),5.88,127.9,314,29.8,1.9,0.4,0.5,4.3,1,35.4,,
871,Vandemoortele,Belgium,Food producers (357),5.87,6.7,972,12.1,0.6,5.3,7.3,3.9,3,6.4,,
872,Intelligent Energy,UK,Electrical components & equipment (2733),5.86,49.9,3,100.0,185.4,17.4,8.9,-326.9,0,21.7,,
873,IRIS,Belgium,Software (9537),5.82,6.2,109,15.0,5.3,1.9,2.0,7.0,0,27.9,,
874,Haulotte,France,Commercial vehicles & trucks (2753),5.81,-14.2,451,-30.4,1.3,9.2,4.6,4.4,2,-3.6,,
875,PKC,Finland,Electronic equipment (2737),5.80,5.5,312,8.0,1.9,3.2,3.4,6.7,6,12.4,,
875,Raisio,Finland,Food producers (357),5.80,-14.7,504,14.2,1.2,2.8,6.7,4.8,1,-9.4,,
877,Microgen,UK,Computer services (9533),5.79,9.2,34,-8.1,16.9,2.4,1.5,14.8,0,-5.1,,
877,Brit Insurance,UK,Nonlife insurance (853),5.79,-19.9,"1,262",-3.2,0.5,0.2,0.3,7.3,1,5.1,,
879,Exiqon,Denmark,Biotechnology (4573),5.78,85.9,17,159.2,33.5,18.2,29.9,-98.1,0,170.0,,
880,Fornix Biosciences,The Netherlands,Biotechnology (4573),5.75,44.1,40,-53.0,14.4,1.1,0.2,31.5,0,-25.3,,
880,CompuGROUP,Germany,Computer services (9533),5.75,12.1,229,27.2,2.5,8.6,4.2,5.9,2,37.8,,
882,Ordina,The Netherlands,Computer services (9533),5.65,-13.2,696,4.7,0.8,,2.6,-11.0,6,2.4,,
882,nCipher (now part of Thales),UK,Software (9537),5.65,35.2,25,14.8,22.6,1.1,1.1,8.9,0,14.6,,
884,Lindab International,Sweden,Construction & materials (235),5.64,29.1,895,6.0,0.6,2.9,2.0,11.7,5,7.5,,
885,LPKF Laser & Electronics,Germany,Electronic equipment (2737),5.63,40.0,45,7.6,12.4,3.7,8.7,6.0,0,15.4,,
886,Ercros,Spain,Chemicals (135),5.62,-1.4,866,2.6,0.6,4.6,2.8,-23.4,2,-7.0,,
886,Schuler,Germany,Industrial machinery (2757),5.62,7.5,966,33.3,0.6,2.1,2.0,2.8,6,20.4,,
888,BWT,Austria,"Gas, water & multiutilities (757)",5.60,1.8,410,3.2,1.4,3.1,2.8,7.0,2,5.2,,
888,Arseus,Belgium,Health care equipment & services (453),5.60,83.6,355,16.5,1.6,2.6,3.4,8.4,2,27.4,,
888,Osterreichische Bundesbahnen,Austria,Travel & leisure (575),5.60,27.3,"4,016",3.8,0.1,,60.8,-49.4,43,-0.7,,
891,Groupe Steria SCA,France,Computer services (9533),5.59,488.4,"1,766",24.7,0.3,1.0,1.3,6.1,19,-0.3,,
892,freenet,Germany,Internet (9535),5.58,878.9,"3,263",75.1,0.2,0.7,1.2,0.3,6,50.9,,
893,Paion,Germany,Pharmaceuticals (4577),5.56,-16.3,3,-34.6,175.4,1.9,2.3,-435.3,0,-44.0,,
894,Sioen Industries,Belgium,Personal goods (376),5.55,-18.5,349,-8.1,1.6,6.7,5.6,4.5,5,-4.0,,
895,Inmarsat,UK,Mobile telecommunications (657),5.54,-7.2,717,72.9,0.8,21.1,30.6,31.8,1,148.6,,
896,UNIQA,Austria,Nonlife insurance (853),5.51,23.5,"4,914",0.2,0.1,0.7,0.9,1.8,14,24.3,,
897,technotrans,Germany,Electrical components & equipment (2733),5.47,-24.9,142,-7.5,3.9,3.6,3.3,0.0,1,1.1,,
898,Torotrak,UK,Automobiles & parts (335),5.45,15.2,5,25.5,114.0,1.0,4.7,-49.2,0,-1.6,,
899,Tilgin,Sweden,Electronic equipment (2737),5.44,24.2,36,-13.6,15.3,0.5,0.4,-12.9,0,13.5,,
900,Vivalis,France,Biotechnology (4573),5.43,282.4,3,"1,454.5",158.8,57.9,572.7,-114.9,0,26.1,,
900,"Macro 4 (now part of Unicom, USA)",UK,Software (9537),5.43,2.5,30,-4.3,18.1,1.4,1.9,1.7,0,-0.4,,
902,Asseco Poland,Poland,Software (9537),5.42,,677,117.3,0.8,4.9,2.5,17.9,7,52.7,,
903,Datalex,Ireland,Computer services (9533),5.40,11.1,24,6.7,22.7,0.6,3.2,-5.3,0,-3.5,,
904,Polynt,Italy,Chemicals (135),5.36,19.9,576,15.1,0.9,9.5,4.8,7.4,1,9.7,,
905,Invision Software,Germany,Software (9537),5.34,26.2,12,-24.9,44.8,2.8,1.3,-69.7,0,29.3,,
906,Devro,UK,Food producers (357),5.33,14.9,189,16.7,2.8,6.7,6.9,9.4,2,-1.5,,
907,Ige+Xao,France,Software (9537),5.30,,22,,23.9,1.2,,13.0,0,,,
908,Medasys,France,Health care equipment & services (453),5.29,86.9,15,-12.9,36.0,1.4,1.4,4.1,0,31.6,,
909,Premier Foods,UK,Food producers (357),5.28,21.7,"2,872",20.1,0.2,4.8,5.0,-4.0,16,-11.3,,
909,Investment AB Kinnevik,Sweden,Other financials (877),5.28,5.6,702,0.6,0.8,2.9,4.6,-335.3,2,0.2,,
911,"Umbro (now part of Nike, USA)",UK,Personal goods (376),5.27,-7.9,101,-34.9,5.2,1.8,0.5,-21.6,0,5.6,,
911,FJH (now FJA),Germany,Software (9537),5.27,49.3,61,7.8,8.6,0.3,0.4,8.6,0,-3.9,,
913,Solon,Germany,Alternative energy (58),5.26,34.5,815,62.0,0.6,12.3,8.8,6.7,1,35.7,,
913,Dansk Landbrugs Grovvareselskab  ,Denmark,Food producers (357),5.26,60.9,"3,309",42.2,0.2,2.2,1.8,1.7,5,61.4,,
913,Grifols,Spain,Pharmaceuticals (4577),5.26,-4.9,814,15.8,0.6,14.7,6.7,24.5,6,15.9,,
916,USU Software,Germany,Software (9537),5.24,9.9,34,9.4,15.4,0.8,0.9,2.8,0,5.0,,
917,Ambu,Denmark,Health care equipment & services (453),5.23,-2.4,105,9.7,5.0,4.6,5.3,11.0,1,14.9,,
918,Hochtief,Germany,Construction & materials (235),5.21,15.8,"19,103",16.1,0.0,3.3,4.2,2.3,65,23.0,,
919,GPC Biotech,Germany,Biotechnology (4573),5.18,-86.9,12,-31.4,41.9,0.4,8.8,-187.2,0,-62.7,,
920,United Biscuits,UK,Food producers (357),5.17,-12.4,"1,182",-0.7,0.4,4.1,2.7,11.5,9,,,
920,Aerocrine,Sweden,Health care equipment & services (453),5.17,31.2,7,31.6,74.4,,,-149.2,0,40.0,,
922,Banca Popolare di Milano,Italy,Banks (835),5.16,35.8,"1,554",-10.4,0.3,2.4,4.2,13.8,9,3.0,,
922,Randox Laboratories  ,UK,Biotechnology (4573),5.16,-9.9,55,13.7,9.4,5.4,2.8,16.5,1,0.3,,
922,ALTEC,Greece,Computer services (9533),5.16,-1.7,229,17.1,2.3,7.0,2.8,3.8,1,0.0,,
922,Surteco,Germany,Household goods & home construction (372),5.16,32.3,403,-2.8,1.3,5.2,6.8,6.7,2,3.4,,
926,Amino Technologies,UK,Telecommunications equipment (9578),5.13,52.2,33,-1.1,15.5,0.7,0.6,4.1,0,11.2,,
926,Apertio (now part of Nokia Siemens Networks)  ,UK,Telecommunications equipment (9578),5.13,4.7,20,44.2,25.1,2.1,5.5,-19.0,0,10.9,,
928,Fagerhult,Sweden,Electrical components & equipment (2733),5.10,5.6,252,9.6,2.0,4.0,3.6,9.8,2,4.3,,
928,Jensen,Belgium,Industrial machinery (2757),5.10,8.5,223,3.8,2.3,2.4,1.2,8.5,1,-0.7,,
928,CNP Assurances,France,Life insurance (857),5.10,27.5,"26,291",-39.1,0.0,,,3.8,3,-22.4,,
928,Chargeurs,France,Personal goods (376),5.10,-52.3,599,-24.1,0.9,2.0,1.7,-6.6,3,-16.8,,
932,Viscom,Germany,Electronic equipment (2737),5.09,-0.2,50,-4.0,10.2,1.0,1.7,-4.9,0,10.1,,
933,Northgate Information Solutions,UK,Computer services (9533),5.07,-73.1,117,-67.9,4.3,12.7,4.7,-3.1,7,99.7,,
934,Anglo Design  ,UK,Electronic equipment (2737),5.05,-16.5,77,-2.5,6.5,1.4,4.5,3.9,1,-5.0,,
935,SABMiller,UK,Beverages (353),5.04,-22.2,"13,456",-12.6,0.0,11.1,9.3,16.8,69,-0.7,,
936,Quantel,France,Health care equipment & services (453),5.03,5.2,52,23.1,9.7,1.2,1.5,-5.9,0,7.8,,
936,Character,UK,Leisure goods (374),5.03,160.6,85,-13.5,5.9,0.3,0.3,6.4,0,11.3,,
938,Marazzi,Italy,Household goods & home construction (372),5.02,-5.3,984,2.1,0.5,9.5,4.4,11.8,6,3.1,,
939,Gas Turbine Efficiency,UK,Industrial machinery (2757),5.01,116.9,25,97.0,19.8,3.5,3.7,2.5,0,50.0,,
940,Nordkalk  ,Finland,Chemicals (135),5.00,42.9,345,3.1,1.4,9.0,9.6,11.2,1,2.3,,
940,Strabag,Austria,Construction & materials (235),5.00,25.0,"12,228",23.8,0.0,5.7,5.3,1.9,73,19.4,,
940,Havenbedrijf Rotterdam  ,The Netherlands,Industrial transportation (277),5.00,0.0,508,7.1,1.0,37.6,49.6,37.9,1,0.7,,
940,Veikkaus,Finland,Travel & leisure (575),5.00,8.7,"1,406",6.0,0.4,0.5,1.1,31.3,0,-4.3,,
944,Atoss Software,Germany,Software (9537),4.99,11.1,27,10.3,18.5,1.4,2.1,18.7,0,13.2,,
945,Topdanmark,Denmark,Nonlife insurance (853),4.97,-5.2,"1,745",3.3,0.3,0.8,1.6,-0.2,2,6.2,,
946,Thomas Swan  ,UK,Chemicals (135),4.96,-11.7,28,-4.2,17.6,4.1,2.3,-20.1,0,-5.0,,
946,Gerresheimer,Germany,General industrials (272),4.96,-13.7,"1,060",10.7,0.5,9.5,10.0,5.3,10,8.0,,
946,Actix International  ,UK,Software (9537),4.96,-5.9,28,18.4,18.0,1.7,1.5,-2.5,0,-18.8,,
949,ORLEN,Poland,Oil & gas producers (53),4.95,17.6,"19,312",24.7,0.0,5.0,6.0,-1.7,23,0.1,,
950,AdCapital,Germany,Other financials (877),4.94,25.7,118,57.3,4.2,6.4,3.6,18.3,1,33.6,,
950,Epsilon Net,Greece,Software (9537),4.94,-7.8,9,14.2,56.0,20.5,0.8,25.4,0,22.5,,
952,Redac  ,UK,Software (9537),4.91,-19.1,66,9.9,7.5,1.1,1.6,6.0,1,6.6,,
953,Pescanova,Spain,Food producers (357),4.90,4.3,"1,343",3.9,0.4,20.1,10.9,5.6,0,,,
953,RCS MediaGroup,Italy,Media (555),4.90,6.5,"2,680",-2.2,0.2,3.0,3.8,4.8,7,6.0,,
953,Norbrook Laboratories  ,UK,Pharmaceuticals (4577),4.90,3.6,106,10.4,4.6,18.9,12.8,4.6,1,4.4,,
956,Acergy,Luxembourg,"Oil equipment, services & distribution (57)",4.89,61.9,"2,017",4.6,0.2,11.6,9.2,15.6,6,-25.0,,
957,Mouchel,UK,Support services (279),4.88,-8.4,679,46.5,0.7,1.5,1.3,4.5,11,38.8,,
957,Newport Networks,UK,Telecommunications equipment (9578),4.88,-26.9,0,-87.3,"3,485.7",192.9,131.8,"-7,207.1",0,-27.1,,
959,Stonesoft,Finland,Computer services (9533),4.85,-8.3,24,28.4,19.9,1.8,2.5,-10.9,0,0.0,,
960,Evialis,France,Food producers (357),4.80,6.7,"1,027",35.3,0.5,1.8,2.4,0.9,5,38.9,,
960,Manuli Rubber Industries  ,Italy,Industrial machinery (2757),4.80,-5.9,317,4.2,1.5,,,5.5,3,6.7,,
962,Bond International Software,UK,Software (9537),4.79,4.6,33,8.5,14.5,1.9,1.8,9.0,0,18.8,,
962,SHL  ,UK,Support services (279),4.79,18.9,86,15.7,5.6,6.5,6.5,1.6,1,1.7,,
964,Elementis,UK,Chemicals (135),4.76,24.3,414,11.4,1.1,3.3,2.5,7.8,1,-13.7,,
965,Biolitec,Germany,Pharmaceuticals (4577),4.75,-14.3,35,-9.3,13.4,3.8,6.5,5.2,0,5.6,,
966,Eco Animal Health,UK,Pharmaceuticals (4577),4.74,"23,600.0",17,-9.9,27.8,0.9,0.3,-3.9,0,33.8,,
967,Hybrigenics  ,France,Biotechnology (4573),4.70,35.8,4,25.5,129.1,4.4,2.4,-157.1,0,7.0,,
967,Solar,Denmark,Electrical components & equipment (2733),4.70,,"1,500",9.7,0.3,0.9,1.2,3.9,3,13.2,,
969,Emak,Italy,Household goods & home construction (372),4.68,2.0,243,11.8,1.9,5.8,3.6,9.8,1,23.7,,
970,Bulgari,Italy,General retailers (537),4.67,7.4,"1,075",-1.4,0.4,5.6,7.9,10.3,4,14.4,,
971,Lectus Therapeutics  ,UK,Biotechnology (4573),4.63,39.0,0,,,,,,0,47.8,,
972,ACH,Slovenia,Automobiles & parts (335),4.62,-3.3,734,19.9,0.6,2.0,2.6,6.7,3,19.1,,
972,Realtech,Germany,Computer services (9533),4.62,1.3,71,11.1,6.5,1.1,1.5,9.9,1,14.6,,
974,Uzin Utz,Germany,Chemicals (135),4.60,15.0,177,6.8,2.6,2.7,3.8,7.6,1,11.9,,
975,Systar,France,Software (9537),4.59,-21.7,20,6.9,23.5,1.1,1.2,9.3,0,25.2,,
976,Glunz & Jensen,Denmark,Computer hardware (9572),4.58,2.5,60,-7.1,7.6,1.2,2.3,0.4,0,8.7,,
977,Scottish and Southern Energy,UK,Electricity (753),4.55,18.8,"26,299",66.6,0.0,5.1,5.1,0.3,18,15.3,,
977,Nipson Digital Printing Systems,UK,Media (555),4.55,22.0,28,-0.1,16.1,0.2,0.7,-49.3,0,-3.7,,
979,Rotork,UK,Industrial machinery (2757),4.52,29.5,331,35.9,1.4,1.5,1.3,23.4,2,17.5,,
980,MicroEmissive Displays,UK,Electrical components & equipment (2733),4.50,8.7,0,133.3,"6,428.6","1,485.7","16,766.7","-10,771.4",0,40.9,,
980,Fluidra,Spain,"Gas, water & multiutilities (757)",4.50,9.5,670,-0.6,0.7,3.6,3.4,7.2,4,3.0,,
980,Trafficmaster,UK,Telecommunications equipment (9578),4.50,13.9,58,15.2,7.8,2.8,3.4,10.2,1,-2.0,,
983,Norddeutsche Affinerie (now Aurubis),Germany,Industrial metals & mining (175),4.49,-5.1,"8,385",29.6,0.1,1.3,1.4,3.4,4,27.6,,
984,Imtech,The Netherlands,Support services (279),4.48,85.1,"3,859",15.5,0.1,1.0,0.9,4.8,23,23.5,,
985,Consort Medical,UK,Health care equipment & services (453),4.47,2.5,131,-2.5,3.4,7.3,6.1,4.3,1,0.1,,
986,Zenergy Power,UK,Industrial machinery (2757),4.45,28.6,2,651.9,219.2,80.8,474.1,-388.7,0,48.9,,
986,Boss Media,Sweden,Travel & leisure (575),4.45,-26.9,28,-2.4,15.7,4.4,4.2,16.2,0,-2.4,,
988,IPGL  ,UK,Other financials (877),4.44,72.8,108,72.2,4.1,9.1,9.3,3.4,0,33.5,,
989,Xaar,UK,Electrical components & equipment (2733),4.43,-37.7,43,-12.2,10.2,8.4,5.6,9.0,0,3.5,,
990,Teleste,Finland,Telecommunications equipment (9578),4.42,0.9,109,-13.1,4.1,0.5,2.7,3.6,1,3.1,,
991,Pfleiderer,Germany,Construction & materials (235),4.41,56.9,"1,736",-3.6,0.3,7.4,9.9,5.5,6,-1.2,,
991,Netgem,France,Software (9537),4.41,59.8,100,42.3,4.4,0.4,0.6,23.5,0,23.8,,
993,Mologen,Germany,Biotechnology (4573),4.40,7.3,0,40.0,"2,095.2",9.5,46.7,"-3,000.0",0,5.9,,
993,Nice,Italy,Electronic equipment (2737),4.40,25.4,192,16.3,2.3,1.6,2.2,24.6,1,38.0,,
995,RaySearch Laboratories,Sweden,Health care equipment & services (453),4.38,17.1,6,-3.2,76.8,0.9,3.4,34.0,0,6.4,,
995,Raute,Finland,Industrial machinery (2757),4.38,10.3,98,-11.1,4.4,2.2,1.1,6.4,1,1.7,,
997,Biotage,Sweden,Biotechnology (4573),4.37,-26.1,45,0.3,9.6,1.5,1.7,60.6,0,-3.9,,
997,Trintech  ,Ireland,Software (9537),4.37,24.1,29,20.5,15.3,0.7,1.8,-8.0,0,7.7,,
999,Findel,UK,General retailers (537),4.34,,639,-4.3,0.7,1.8,3.3,-4.5,3,-6.6,,
999,Alterian,UK,Software (9537),4.34,40.9,35,72.9,12.5,0.8,3.2,9.6,0,111.8,,